date,information_coefficient,p_value
2019-01-03,-0.17766769313161063,0.08008266358106099
2019-01-04,-0.14233434704715997,0.16208644720423362
2019-01-07,-0.21116487832246297,0.036869885557476605
2019-01-08,-0.2463324598817971,0.014481938324772403
2019-01-09,-0.1665104654795376,0.10127964122267072
2019-01-10,-0.12931545626685537,0.20441660109366266
2019-01-11,-0.13980962581846232,0.16973974944039882
2019-01-14,-0.09108760655152406,0.3723886970726962
2019-01-15,-0.12927720291490538,0.20455165089089836
2019-01-16,-0.06533034957188123,0.5227430845291696
2019-01-17,-0.07883378281021873,0.440349360332119
2019-01-18,-0.0006184291898577612,0.9951779456490925
2019-01-22,-0.0351357037660425,0.7312456613049567
2019-01-23,0.005017564664103692,0.9608919257285541
2019-01-24,0.07290451325797423,0.47559336016244014
2019-01-25,0.19534074173249427,0.05390786375261913
2019-01-28,0.1422705914605767,0.16227650291222548
2019-01-29,0.178024724416477,0.07946804017098569
2019-01-30,0.1723759794451989,0.08964555289961501
2019-01-31,0.15994364006146036,0.11567440172331883
2019-02-01,0.21275876798704485,0.03543730415460049
2019-02-04,0.267652328035244,0.007712024170491366
2019-02-05,0.2686851685378931,0.007470686080001471
2019-02-06,0.2729950461909224,0.00653405829605374
2019-02-07,0.23312230234174267,0.020882122875628618
2019-02-08,0.15025279090080265,0.13974547710466054
2019-02-11,0.10450178196864497,0.30581237341601053
2019-02-12,0.08689248895434462,0.3948995193756655
2019-02-13,0.17149615235034968,0.09131984257133521
2019-02-14,0.005795382820419639,0.9548353782316622
2019-02-15,0.1467972381079892,0.14918967640065167
2019-02-19,0.2471612825073797,0.014144482935193502
2019-02-20,0.3131228123864353,0.0016933577184832216
2019-02-21,0.29612557300333436,0.003070556129698315
2019-02-22,0.35238350260441564,0.0003729515461864685
2019-02-25,0.37251751684741374,0.0001585252052986362
2019-02-26,0.3594858749497924,0.00027756478895767865
2019-02-27,0.3425141378013248,0.0005559233880581238
2019-02-28,0.3120899718837863,0.0017574751630800751
2019-03-01,0.16566889173663843,0.10304182020599711
2019-03-04,0.17873878698620965,0.07825012016308001
2019-03-05,0.057972954880171366,0.5707028527473372
2019-03-06,-0.07025228085611,0.49183768843732545
2019-03-07,-0.14999776855446958,0.14042660071423302
2019-03-08,-0.09626456018208594,0.34571385994367976
2019-03-11,0.00830735293180065,0.935294972912367
2019-03-12,0.007618792596701285,0.9406479028130874
2019-03-13,-0.06618467443209711,0.517309157336732
2019-03-14,-0.19035505486168222,0.06045698560495837
2019-03-15,-0.08578314174779564,0.4009848939895442
2019-03-18,-0.20183106044667162,0.0462669276506535
2019-03-19,-0.2538428679813068,0.011664663110973153
2019-03-20,-0.29650810652283405,0.0030308582379473497
2019-03-21,-0.3201104246759622,0.0013123420488424296
2019-03-22,-0.38159631237687197,0.00010578887257257135
2019-03-25,-0.3518989601463828,0.00038044867058415133
2019-03-26,-0.23674361965967267,0.018923144424864265
2019-03-27,-0.22385224005253457,0.026705846482741075
2019-03-28,-0.24448354787088217,0.01525999648210386
2019-03-29,-0.19280326938647996,0.057164230207480175
2019-04-01,-0.16170329425115873,0.11167037646822184
2019-04-02,-0.17476043838341332,0.08523010651879244
2019-04-03,-0.2016652959215551,0.046450262837903114
2019-04-04,-0.1167556057099503,0.2522454665189354
2019-04-05,-0.07236896633067472,0.4788499425251289
2019-04-08,-0.052974516892042654,0.6044189720089527
2019-04-09,-0.057513914656771796,0.5737621537660095
2019-04-10,-0.024220747342985925,0.8128651312993296
2019-04-11,0.06545786074504778,0.5219302225642415
2019-04-12,0.1368513666009984,0.17904269345892798
2019-04-15,0.1631186682733074,0.10852854361231803
2019-04-16,0.3031769408794445,0.0024089436750435915
2019-04-17,0.29259351350662094,0.003459742092933878
2019-04-18,0.2429151604409336,0.015948147616111023
2019-04-22,0.20894618390936504,0.038944599598852325
2019-04-23,0.21529624033305916,0.033253209971634584
2019-04-24,0.1613462629662924,0.11247395953792425
2019-04-25,0.1369661266568483,0.178674984104165
2019-04-26,0.28853865819992475,0.003960562208379102
2019-04-29,0.2854018833400276,0.004391425574876918
2019-04-30,0.38793361768324947,7.920275189487577e-05
2019-05-01,0.4013732953350037,4.2029487600486064e-05
2019-05-02,0.35191171126369947,0.0003802496146227824
2019-05-03,0.357432945061811,0.0003025193566776074
2019-05-06,0.464389317113912,1.4594998778083647e-06
2019-05-07,0.48824665761337327,3.3975642283467083e-07
2019-05-08,0.5101913305153364,8.034155628925619e-08
2019-05-09,0.4482591537083436,3.6805150994616736e-06
2019-05-10,0.40236788248570277,4.0060395684644114e-05
2019-05-13,0.42158381628190167,1.537669528361196e-05
2019-05-14,0.42901771767751146,1.0448472369374285e-05
2019-05-15,0.39258777550382845,6.37942304051784e-05
2019-05-16,0.3442992942256565,0.0005176958657243673
2019-05-17,0.19266300709599676,0.057348827378925944
2019-05-20,0.17325580654004805,0.08799568309391168
2019-05-21,0.25515623306492224,0.01122460222772837
2019-05-22,0.15775044788299575,0.12081938973782894
2019-05-23,0.16084896939094284,0.1136007049755382
2019-05-24,0.11908906017889817,0.24282408898352215
2019-05-28,-0.17164916575814954,0.09102689769045863
2019-05-29,-0.16073420933509294,0.11386196158679038
2019-05-30,-0.26760132356597743,0.007724118280515228
2019-05-31,-0.2991220855727483,0.002771696531841873
2019-06-03,-0.18009040542177507,0.07598574240397153
2019-06-04,0.013790333377962241,0.892792041244639
2019-06-05,-0.14021766157259527,0.16848511020184795
2019-06-06,-0.13247773336138577,0.19347226439342732
2019-06-07,-0.1515151515151515,0.13641071680877268
2019-06-10,0.051036347059911114,0.6177251033957605
2019-06-11,-0.04329641884870161,0.672067693599826
2019-06-12,-0.25488845960127254,0.011313126849375587
2019-06-13,-0.1380372205114473,0.1752696624555244
2019-06-14,-0.23822274926840462,0.01816972105544383
2019-06-17,-0.12330968001071091,0.22640787514375169
2019-06-18,-0.028734642873081754,0.7788126572900587
2019-06-19,-0.2306868389342616,0.022295334000622714
2019-06-20,-0.2043430305580526,0.04356131670301235
2019-06-21,-0.27192395233632344,0.006756563107591888
2019-06-24,-0.3343661738359823,0.0007654711409495659
2019-06-25,-0.3088256858507227,0.0019748213973348264
2019-06-26,-0.2421373422846177,0.016299276440194223
2019-06-27,-0.15475393531358184,0.12813156967532977
2019-06-28,-0.09120236660737396,0.3717841116076457
2019-07-01,-0.16263412581527456,0.10959628209374839
2019-07-02,-0.11973936716204756,0.24024242136653023
2019-07-03,-0.09470892386945405,0.353600447218409
2019-07-05,-0.05087058253479461,0.6188689637652764
2019-07-08,-0.04584664231203259,0.6539575049267587
2019-07-09,-0.031004341755446314,0.7618425097439355
2019-07-10,0.03980261270393817,0.6971840914781814
2019-07-11,0.1642535177144897,0.10605949820639692
2019-07-12,0.19938284592187386,0.049036431138189104
2019-07-15,0.16207307665334172,0.11084280150868346
2019-07-16,0.19898756128505757,0.04949617706333407
2019-07-17,0.24932897245121102,0.013294005113987744
2019-07-18,0.25986139535476793,0.009764939689485073
2019-07-19,0.20102774005572238,0.047161016604821755
2019-07-22,0.22484682720323365,0.02602121966745879
2019-07-23,0.2663389629516286,0.008028826345351852
2019-07-24,0.2975026936735331,0.0029297912111023562
2019-07-25,0.27027905820247494,0.007111324555402096
2019-07-26,0.30653048473372474,0.0021418805363510336
2019-07-29,0.36371924589892185,0.00023198928571832863
2019-07-30,0.3615260537204572,0.0002546585804932382
2019-07-31,0.3884691646105489,7.726804046681712e-05
2019-08-01,0.32017418026254546,0.0013092568363226372
2019-08-02,0.3702223157304158,0.00017526490459461716
2019-08-05,0.32310693724537615,0.001174261244785013
2019-08-06,0.22544612971711644,0.025615942797421125
2019-08-07,0.18577740374500312,0.0670283288682317
2019-08-08,-0.17278401519933184,0.08887737317937569
2019-08-09,-0.38359823779558677,9.660703040816247e-05
2019-08-12,-0.48203686348016245,5.018531041601589e-07
2019-08-13,-0.4116634470095442,2.5393533252570016e-05
2019-08-14,-0.5286804506244859,2.198142989502301e-08
2019-08-15,-0.6022543975415845,5.3776333624351607e-11
2019-08-16,-0.5589898564861745,2.2029932408024893e-09
2019-08-19,-0.4532193383445223,2.7832644762832635e-06
2019-08-20,-0.4645678327563452,1.4442510409832421e-06
2019-08-21,-0.49032508973598804,2.97656642637742e-07
2019-08-22,-0.4884634266077564,3.3511467904194954e-07
2019-08-23,-0.44823365147371025,3.685764886503222e-06
2019-08-26,-0.4737103838723868,8.366737574346613e-07
2019-08-27,-0.5105101084482526,7.861691847158259e-08
2019-08-28,-0.4794483866648815,5.891321149665046e-07
2019-08-29,-0.39805800483267345,4.926525639808335e-05
2019-08-30,-0.27186019674974016,0.006770016317968932
2019-09-03,-0.3047963327786597,0.002276448034334276
2019-09-04,-0.24220109787120092,0.016270245961503546
2019-09-05,-0.02993324790084731,0.7698373977221026
2019-09-06,-0.14459129481220792,0.1554645407332025
2019-09-09,0.1623918545862581,0.110133207228456
2019-09-10,0.37295105483618,0.00015553456298481776
2019-09-11,0.3522177380792991,0.00037550091807353486
2019-09-12,0.18053669452785798,0.07524973236932407
2019-09-13,0.19826074759800824,0.05035080339452079
2019-09-16,0.14297190291299272,0.16019497608285016
2019-09-17,0.02915542974453136,0.7756583927790663
2019-09-18,-0.08443152331223024,0.4084736817192067
2019-09-19,-0.08401073644078061,0.41082172242860615
2019-09-20,-0.21145815402074603,0.036602705185762884
2019-09-23,-0.3531995741126816,0.0003606313787890213
2019-09-24,-0.4930028243724856,2.506891798617815e-07
2019-09-25,-0.3243820489770416,0.0011196191595639153
2019-09-26,-0.429884793655044,9.98207956943223e-06
2019-09-27,-0.39720367997245754,5.130975262548256e-05
2019-09-30,-0.47387614839750325,8.283118102583685e-07
2019-10-01,-0.5180332676650791,4.6804054000858346e-08
2019-10-02,-0.5203539710167103,3.9783118581302927e-08
2019-10-03,-0.5822861478237029,3.1926412351339303e-10
2019-10-04,-0.6574539844053834,1.9313712726412877e-13
2019-10-07,-0.6471893349654764,6.003213214692049e-13
2019-10-08,-0.6246453595496305,6.2658852684374885e-12
2019-10-09,-0.6488597313339581,5.006257246581093e-13
2019-10-10,-0.6093057654176947,2.7826180926694868e-11
2019-10-11,-0.5708228933560302,8.415793201879071e-10
2019-10-14,-0.5189385969945616,4.393497653727131e-08
2019-10-15,-0.4111023978476114,2.6112005082355814e-05
2019-10-16,-0.40106726851940394,4.265331104940888e-05
2019-10-17,-0.4108601266185949,2.6428098516672368e-05
2019-10-18,-0.40748108052968135,3.1227128346328056e-05
2019-10-21,-0.2925042556854044,0.0034701253001907907
2019-10-22,-0.17590803894191226,0.08316762801528232
2019-10-23,-0.24503184591549831,0.0150255697695706
2019-10-24,-0.3567571358440283,0.00031117622413419756
2019-10-25,-0.26304917468393163,0.008873223906900542
2019-10-28,-0.2544421704951896,0.011462024037998314
2019-10-29,-0.24004615904468626,0.017276631561935814
2019-10-30,-0.27446142468233775,0.006239964862500863
2019-10-31,-0.3372861797014963,0.0006832481326559563
2019-11-01,-0.16663797665270416,0.10101471781300946
2019-11-04,-0.03615579315137488,0.723753118800069
2019-11-05,0.05111285376381104,0.617197475186438
2019-11-06,-0.0033726705302552134,0.9737069327572415
2019-11-07,-0.0053490937143367175,0.9583101547423063
2019-11-08,0.0017787808656733546,0.9861309841449322
2019-11-11,0.06299689510293338,0.5377306083394988
2019-11-12,0.001447251815440328,0.9887157012550905
2019-11-13,-0.07201193504580837,0.48102763833481943
2019-11-14,-0.07203743728044168,0.48087191281008146
2019-11-15,-0.14051093727087835,0.16758757898207663
2019-11-18,-0.14016665710332865,0.16864156438313385
2019-11-19,-0.09613704900891938,0.34635611880325956
2019-11-20,-0.047364025272714515,0.6432754973085659
2019-11-21,0.009416700138349622,0.9266769623577142
2019-11-22,0.1131980439786036,0.267086528438564
2019-11-25,0.17729791072942766,0.08072323972835664
2019-11-26,0.13456891660131717,0.18647147924946977
2019-11-27,0.11392485766565293,0.2640074506700261
2019-11-29,0.12761955766374028,0.2104652932470255
2019-12-02,0.26642822077284517,0.008006938464539723
2019-12-03,0.2181397394946732,0.03094152499297538
2019-12-04,0.19486895039177804,0.05450150732652172
2019-12-05,0.23967637664250327,0.01745462008772439
2019-12-06,0.2324337420066433,0.021273656017007935
2019-12-09,0.29332032719367035,0.0033762237099345736
2019-12-10,0.2819590816645308,0.004912028115775899
2019-12-11,0.29727317356183336,0.0029528418407158722
2019-12-12,0.21201920318267886,0.036096100355118774
2019-12-13,0.2026343808376209,0.04538693156414408
2019-12-16,0.32254588808344326,0.001199063218824574
2019-12-17,0.3789440799750078,0.00011920369747242166
2019-12-18,0.36744257215538506,0.00019772530890118146
2019-12-19,0.39192471740336243,6.580413349337866e-05
2019-12-20,0.39581380818494216,5.480574610065143e-05
2019-12-23,0.3996136411453053,4.5736306292505875e-05
2019-12-24,0.31071285121358755,0.0018463813244003805
2019-12-26,0.42335622158891667,1.4034977744322942e-05
2019-12-27,0.41060510427226177,2.676469496725664e-05
2019-12-30,0.40875619226134685,2.9327692965953194e-05
2019-12-31,0.322851914899043,0.0011854764478728221
2020-01-02,0.34048671014797666,0.0006024664612303453
2020-01-03,0.41800075231592165,1.8464750018981693e-05
2020-01-06,0.4545327034281378,2.5828681226397865e-06
2020-01-07,0.3997156500838385,4.551334718896372e-05
2020-01-08,0.3098585263533717,0.0019035602388293483
2020-01-09,0.33000529171368637,0.0009051914905332211
2020-01-10,0.31095512244260404,0.001830451530861774
2020-01-13,0.3139516350120179,0.0016434452853055057
2020-01-14,0.377235430254576,0.00012866445681698473
2020-01-15,0.38486059840993564,9.120390311677245e-05
2020-01-16,0.35856779450299325,0.00028848011181189284
2020-01-17,0.32660074339013956,0.001030028638374513
2020-01-21,0.26471957105241345,0.008435194544847114
2020-01-22,0.15755918112324593,0.12127630512144708
2020-01-23,0.11207594565473798,0.27188775635758916
2020-01-24,0.1245592895077431,0.2217006327055577
2020-01-27,0.1816587928517236,0.07342448392721501
2020-01-28,-0.016493570249093075,0.8719405980941107
2020-01-29,0.0889581699596427,0.3837156619788292
2020-01-30,0.15966311548049397,0.11632286436658924
2020-01-31,0.26165930289641626,0.009252807418931978
2020-02-03,0.19769969843607543,0.05101880776869453
2020-02-04,0.10658021409125974,0.29623956081542635
2020-02-05,0.16672723447392074,0.10082959496445365
2020-02-06,0.13470917889180037,0.18600859584133933
2020-02-07,0.16643395877563769,0.10143885652320953
2020-02-10,0.13359983168525139,0.18969248876964148
2020-02-11,0.11026528699577298,0.27975716869642564
2020-02-12,0.1428443917398262,0.1605719503249678
2020-02-13,0.058266230578454425,0.5687523117018638
2020-02-14,0.06754904398497917,0.5086911812365429
2020-02-18,0.07591377694470476,0.45751875899314076
2020-02-19,0.03236871130832839,0.7516947693458911
2020-02-20,0.05363757499250871,0.5998961214051115
2020-02-21,0.15118362246491845,0.13728060114506574
2020-02-24,0.1718021791659494,0.09073469706276548
2020-02-25,0.13209519984188614,0.19477318471258165
2020-02-26,0.20010965960892318,0.04820029877031589
2020-02-27,0.2924277489815045,0.003479047398895826
2020-02-28,0.22052419843288765,0.02910910780677895
2020-03-02,0.15196144062123443,0.13524633926680163
2020-03-03,0.11483018699513545,0.26020592951844257
2020-03-04,0.05301277024399263,0.6041576292524387
2020-03-05,0.0793820808548349,0.4371664734300056
2020-03-06,0.19610580877149356,0.05295649779056203
2020-03-09,0.04856263030048007,0.6348884760093456
2020-03-10,-0.018597504606341127,0.8557715325307979
2020-03-11,-0.15124737805150174,0.13711298949823605
2020-03-12,-0.08036391688821733,0.43149958691059664
2020-03-13,0.17696638167919462,0.08130102513490729
2020-03-16,0.18462980318650418,0.06876340162171293
2020-03-17,0.14313766743810924,0.15970589456192996
2020-03-18,-0.3184017749555304,0.0013975254213044784
2020-03-19,-0.0507303202443114,0.6198375560107614
2020-03-20,0.04226357834605257,0.6794566985991962
2020-03-23,-0.0921204470541731,0.3669690243427458
2020-03-24,0.08379396744639747,0.41203439182722024
2020-03-25,0.3724792634954638,0.00015879162638674331
2020-03-26,0.23069959005157825,0.022287727002378712
2020-03-27,0.01677409483005948,0.8697815262394617
2020-03-30,-0.12227683950806187,0.23035118868163348
2020-03-31,0.02401672946591945,0.8144130052135348
2020-04-01,-0.021606768293071676,0.8327496876529411
2020-04-02,-0.007669797065967905,0.9402512960223792
2020-04-03,0.013165528629446152,0.8976224084778055
2020-04-06,0.16185630765895861,0.11132735159310445
2020-04-07,0.23892406072082065,0.017821624339488744
2020-04-08,0.26285790792418184,0.008924634171679005
2020-04-09,0.3814177967344388,0.00010664581417472245
2020-04-13,0.43999642968715125,5.806082727127412e-06
2020-04-14,0.42030870455023617,1.6415401732816363e-05
2020-04-15,0.25977213753355133,0.009791000178947797
2020-04-16,0.044852055161333504,0.6609973764150087
2020-04-17,-0.0025055945527226817,0.9804650274258991
2020-04-20,-0.03731614482719048,0.7152619529335194
2020-04-21,-0.10392798168939552,0.3084903398109642
2020-04-22,-0.250068537255577,0.013014201552901101
2020-04-23,-0.1355762548693329,0.1831656815538157
2020-04-24,-0.44269966655828213,5.008206432713938e-06
2020-04-27,-0.46566442884557757,1.3538365633619493e-06
2020-04-28,-0.14409400123685837,0.15690595419685396
2020-04-29,0.23666711295577275,0.018962835386242126
2020-04-30,0.058457497338204246,0.5674819113947014
2020-05-01,-0.13125362609898691,0.19765741638356737
2020-05-04,-0.483158961804028,4.679628999807877e-07
2020-05-05,-0.6450343961389616,7.575569445610844e-13
2020-05-06,-0.712959598084782,1.792865885673021e-16
2020-05-07,-0.7471325924934171,1.0077056285391068e-18
2020-05-08,-0.6505301277024399,4.1701524192088294e-13
2020-05-11,-0.585021645021645,2.0330136474417024e-10
2020-05-12,-0.48807668521954234,2.9829813660903345e-07
2020-05-13,-0.5842671614100184,2.1722143527419668e-10
2020-05-14,-0.592195423623995,1.073840881713359e-10
2020-05-15,-0.609882498453927,2.0776093174444686e-11
2020-05-18,-0.33623995052566474,0.0006672472425655902
2020-05-19,-0.38286951144094,9.182038542399708e-05
2020-05-20,-0.22195423623995048,0.027245136114412056
2020-05-21,-0.04654298082869511,0.6473379842825572
2020-05-22,-0.0664935064935065,0.513160888876926
2020-05-26,0.36525664811379094,0.00020128206770472562
2020-05-27,0.5073716759431045,8.339248479595582e-08
2020-05-28,0.43909709338280767,5.451656432554485e-06
2020-05-29,0.22716141001855286,0.023748777188234753
2020-06-01,0.3973407544836116,4.65597865913694e-05
2020-06-02,0.520482374768089,3.349958582116582e-08
2020-06-03,0.6613110698824985,9.306236448904051e-14
2020-06-04,0.6946444032158319,1.5292657239847852e-15
2020-06-05,0.6949907235621521,1.461088828970383e-15
2020-06-08,0.709016697588126,2.1794009222835634e-16
2020-06-09,0.7192331478045763,5.070741845264401e-17
2020-06-10,0.679047619047619,1.1180808259617274e-14
2020-06-11,0.5323191094619666,1.4216163551668383e-08
2020-06-12,0.6192207792207792,8.371284284055778e-12
2020-06-15,0.5769696969696969,4.086369235926554e-10
2020-06-16,0.5548917748917749,2.5229118963082517e-09
2020-06-17,0.5117872603586889,6.160059979797494e-08
2020-06-18,0.6230426716141002,5.720402876458187e-12
2020-06-19,0.5023005565862708,1.1746853019568644e-07
2020-06-22,0.40519480519480516,3.177787240587114e-05
2020-06-23,0.299604205318491,0.0025894232657349345
2020-06-24,0.13520098948670375,0.18211097328540765
2020-06-25,0.24441558441558442,0.014763934975570858
2020-06-26,0.16463821892393318,0.10342780600625467
2020-06-29,0.27186147186147186,0.006486781777469109
2020-06-30,0.333147804576376,0.0007531123438320888
2020-07-01,0.29423623995052567,0.0031148946704631637
2020-07-02,0.32849721706864565,0.000901387752439821
2020-07-06,0.2881014223871367,0.003831077209337439
2020-07-07,0.15220779220779218,0.1325833366020422
2020-07-08,0.11930735930735929,0.23950557024598507
2020-07-09,-0.1832529375386518,0.06943259132238423
2020-07-10,-0.15580705009276438,0.12356205608471518
2020-07-13,-0.1816202844774273,0.07199605921529191
2020-07-14,-0.07204700061842918,0.47852551813799316
2020-07-15,0.21572047000618427,0.03199693689072927
2020-07-16,0.16142238713667284,0.11043936188960914
2020-07-17,0.1685343228200371,0.09540523883357278
2020-07-20,0.01636363636363636,0.8722831612064871
2020-07-21,0.22550401978973408,0.024817518022247163
2020-07-22,0.30871985157699444,0.001877042548776057
2020-07-23,0.3632158317872603,0.0002198141352115048
2020-07-24,0.2591341991341991,0.009597352361234535
2020-07-27,0.1913419913419913,0.0577990577256816
2020-07-28,0.30791589363017935,0.0019318566844296473
2020-07-29,0.22795299938157082,0.023252362790794862
2020-07-30,0.0823747680890538,0.4176022317383066
2020-07-31,0.1579715522572665,0.11836861721271831
2020-08-03,0.20785405071119356,0.038974047151356966
2020-08-04,0.21854050711193568,0.029767101054096717
2020-08-05,0.1301917130488559,0.19899721385123384
2020-08-06,-0.0477056277056277,0.6391384180303837
2020-08-07,-0.015522572665429809,0.8787962970713659
2020-08-10,0.21667285095856523,0.031228617717447255
2020-08-11,0.35445887445887436,0.0003186537006058553
2020-08-12,0.14128633271490412,0.16303523178760598
2020-08-13,0.05920841063698206,0.5604687375869026
2020-08-14,0.17395176252319108,0.08507477564341215
2020-08-17,-0.13996289424860853,0.16705204321245645
2020-08-18,-0.1843908472479901,0.06768995491474347
2020-08-19,-0.174025974025974,0.084939709302631
2020-08-20,-0.07402597402597402,0.4664943761201378
2020-08-21,-0.03016697588126159,0.7669146827985757
2020-08-24,0.10112554112554112,0.31926782916327096
2020-08-25,0.07466914038342609,0.4626201466591029
2020-08-26,-0.07012987012987013,0.4903379877355306
2020-08-27,0.015559678416821274,0.8785087792227113
2020-08-28,0.12098948670377241,0.23289704944099193
2020-08-31,0.0011379097093382807,0.9910812183383781
2020-09-01,-0.07277674706246134,0.47406971603905956
2020-09-02,-0.23158936301793442,0.02108431966957198
2020-09-03,0.09844155844155844,0.3323463410226114
2020-09-04,0.24144712430426715,0.01605807068152849
2020-09-08,0.37533704390847245,0.00012915172318909914
2020-09-09,0.08588744588744587,0.3979548045818241
2020-09-10,0.23464440321583177,0.019399184482730272
2020-09-11,0.3683240568954855,0.00017612977623933254
2020-09-14,0.48672850958565245,3.2513935638571133e-07
2020-09-15,0.3470377241805813,0.0004329111499467132
2020-09-16,0.4774891774891774,5.810902901796969e-07
2020-09-17,0.513469387755102,5.482540066717446e-08
2020-09-18,0.45505256648113784,2.22199697161576e-06
2020-09-21,0.2686332714904143,0.0071767484187066745
2020-09-22,0.18346320346320344,0.06910787908803674
2020-09-23,0.028633271490414346,0.7784520267334079
2020-09-24,0.05841682127396413,0.5657316732851497
2020-09-25,0.049919604205318484,0.6236444620324293
2020-09-28,0.25123067408781696,0.012130161589880603
2020-09-29,0.10620902906617191,0.2954187722325545
2020-09-30,0.15465677179962894,0.1263923382617227
2020-10-01,-0.11084724799010513,0.2747104893621508
2020-10-02,0.02807668521954236,0.7826510294234503
2020-10-05,0.019777365491651204,0.845939331640224
2020-10-06,0.3624242424242424,0.00022741743834102217
2020-10-07,0.36975881261595545,0.00016539313050699798
2020-10-08,0.4793073593073593,5.19040935360434e-07
2020-10-09,-0.2539764996907854,0.01119092533053471
2020-10-12,-0.47877551020408154,5.365083762120402e-07
2020-10-13,-0.46075448361162646,1.5944374364584445e-06
2020-10-14,-0.42546691403834264,1.1330951304016999e-05
2020-10-15,-0.46909090909090906,9.70820678788433e-07
2020-10-16,-0.5539022881880025,2.728946911228373e-09
2020-10-19,-0.5294001236858379,1.7616140426856085e-08
2020-10-20,-0.5205936920222634,3.323567088050699e-08
2020-10-21,-0.5106493506493506,6.66287951268719e-08
2020-10-22,-0.38721088435374146,7.514431245752727e-05
2020-10-23,-0.4744588744588744,7.004137112244229e-07
2020-10-26,-0.5507854050711193,3.4887075043030226e-09
2020-10-27,-0.6102411873840445,2.007421365434088e-11
2020-10-28,-0.5291403834260977,1.7953743250731332e-08
2020-10-29,-0.5045021645021645,1.0130226324455725e-07
2020-10-30,-0.40254792826221397,3.6182239309808264e-05
2020-11-02,-0.4080766852195423,2.7555325969666406e-05
2020-11-03,-0.4609647495361781,1.5748616448422088e-06
2020-11-04,-0.5912430426716141,1.1698562990176703e-10
2020-11-05,-0.5783055040197896,3.644235428228547e-10
2020-11-06,-0.6243290043290043,5.026453599220937e-12
2020-11-09,-0.39809523809523806,4.490096697669644e-05
2020-11-10,-0.2069511440940012,0.039850704299078395
2020-11-11,-0.3631292517006802,0.0002206341540539426
2020-11-12,-0.36489795918367346,0.00020443081385589247
2020-11-13,-0.2863079777365492,0.004066598444355844
2020-11-16,-0.16766852195423623,0.09714422568319997
2020-11-17,-0.12301793444650587,0.2250986654557648
2020-11-18,-0.1084230055658627,0.2854090215717348
2020-11-19,-0.07482993197278912,0.46165435736498683
2020-11-20,0.023116883116883116,0.8203310211950868
2020-11-23,0.025058750773036487,0.8055246975059397
2020-11-24,0.2534446505875077,0.01136771841223816
2020-11-25,0.19135435992578848,0.057782574596538246
2020-11-27,0.09532467532467533,0.3479555184787563
2020-11-30,-0.10218923933209646,0.3141776718611633
2020-12-01,-0.13490414347557203,0.1830815015956477
2020-12-02,-0.04577612863327149,0.652769440905825
2020-12-03,0.08500927643784786,0.40281452198674506
2020-12-04,-0.12611008039579466,0.21356727095807135
2020-12-07,-0.09787260358688929,0.3351618976716304
2020-12-08,-0.06408163265306122,0.5285934094983142
2020-12-09,0.0649721706864564,0.5228682762176151
2020-12-10,0.02578849721706864,0.7999779335854139
2020-12-11,-0.013197278911564624,0.8968439632418245
2020-12-14,-0.17974025974025976,0.075041886488965
2020-12-15,-0.1428200371057514,0.15847044902298194
2020-12-16,-0.13980210265924553,0.16754501133999467
2020-12-17,-0.04358688930117501,0.6683745751665231
2020-12-18,-0.008930117501546072,0.9300937986938014
2020-12-21,0.0149165120593692,0.8834946229067231
2020-12-22,-0.05672232529375386,0.5770755230013629
2020-12-23,0.07672232529375386,0.45037143258418
2020-12-24,-0.07308596165739023,0.47218845761605044
2020-12-28,-0.03163883735312306,0.755890147532573
2020-12-29,-0.012368583797155226,0.9032890553390921
2020-12-30,0.09047619047619047,0.37313193430722935
2020-12-31,0.16160791589363016,0.11002505453426147
2021-01-04,0.053630179344465054,0.5980434617539341
2021-01-05,0.005442176870748299,0.9573640775928292
2021-01-06,0.18188002473716758,0.07158320459348125
2021-01-07,0.1067903525046382,0.292768382761874
2021-01-08,0.03944341372912801,0.6982945829647311
2021-01-11,0.05320964749536178,0.6009212078116116
2021-01-12,0.11053803339517626,0.27605989095719363
2021-01-13,0.14853432282003712,0.14229971711818093
2021-01-14,0.1657142857142857,0.10116105369190662
2021-01-15,0.043426097711811995,0.6695263990140325
2021-01-19,-0.06471243042671614,0.5245348628977338
2021-01-20,-0.12609771181199753,0.2136125444671473
2021-01-21,-0.38280766852195425,9.208105104469874e-05
2021-01-22,-0.4228076685219542,1.3021844841900365e-05
2021-01-25,-0.41978973407544834,1.5226905865962746e-05
2021-01-26,-0.44536796536796536,3.851911598308208e-06
2021-01-27,-0.2685837971552257,0.007187808764153218
2021-01-28,-0.23682127396413108,0.018270317561971006
2021-01-29,-0.3083116883116883,0.0019046930036664622
2021-02-01,-0.4362646876932591,6.363404106114015e-06
2021-02-02,-0.5094495980210266,7.235301191483239e-08
2021-02-03,-0.4787631416202844,5.369211580479784e-07
2021-02-04,-0.5732220160791589,5.619194079604542e-10
2021-02-05,-0.4791960420531849,5.22651639386676e-07
2021-02-08,-0.5484972170686455,4.1713868315079595e-09
2021-02-09,-0.4313914656771799,8.276395828694568e-06
2021-02-10,-0.4837353123067409,3.9316588164220154e-07
2021-02-11,-0.5561162646876933,2.288535358268726e-09
2021-02-12,-0.5723685837971553,6.038565792989581e-10
2021-02-16,-0.5343599257884972,1.22220966672167e-08
2021-02-17,-0.5240816326530612,2.590287528915298e-08
2021-02-18,-0.486221397649969,3.3581735450099504e-07
2021-02-19,-0.4826963512677798,4.1978942294254284e-07
2021-02-22,-0.48244897959183675,4.263760757501492e-07
2021-02-23,-0.4290538033395176,9.375123951732878e-06
2021-02-24,-0.4948794063079777,1.9203129289508474e-07
2021-02-25,-0.35171304885590593,0.00035722188232519415
2021-02-26,-0.5821645021645021,2.6101946326352025e-10
2021-03-01,-0.5777241805813234,3.830682959325081e-10
2021-03-02,-0.4748670377241806,6.830851292986228e-07
2021-03-03,-0.2390228818800247,0.017186665732611937
2021-03-04,-0.05704390847247989,0.5749145834416809
2021-03-05,-0.08310451453308595,0.4134748964005607
2021-03-08,0.08061842918985776,0.42763323697580147
2021-03-09,2.473716759431045e-05,0.9998061094690209
2021-03-10,0.03555967841682127,0.7267654940944979
2021-03-11,-0.07933209647495362,0.43506669930531394
2021-03-12,-0.06749536178107605,0.5068190664734773
2021-03-15,-0.0868769325912183,0.39252095242132135
2021-03-16,-0.0428447742733457,0.6736970570124061
2021-03-17,-0.1884230055658627,0.06179805041408853
2021-03-18,-0.19406307977736545,0.05426433214287474
2021-03-19,-0.32361162646876934,0.0010854348376997099
2021-03-22,-0.1946567717996289,0.05351720760235748
2021-03-23,-0.05684601113172541,0.576243946614184
2021-03-24,0.05719233147804576,0.5739184990133639
2021-03-25,0.196734693877551,0.050968577941737814
2021-03-26,0.21640074211502783,0.03144653055194792
2021-03-29,0.3307854050711193,0.0008253926679875141
2021-03-30,0.19487940630797773,0.05323922509396334
2021-03-31,0.07854050711193568,0.4396773903592789
2021-04-01,-0.0844774273345702,0.4057746782923157
2021-04-05,-0.1520964749536178,0.1328701422802058
2021-04-06,-0.12893011750154607,0.2034221838258969
2021-04-07,-0.0895238095238095,0.37820466425719546
2021-04-08,-0.10022263450834877,0.323629995692686
2021-04-09,-0.25971552257266545,0.009430879253785465
2021-04-12,-0.3303772418058132,0.000838504343111765
2021-04-13,-0.3414718614718614,0.0005421124637177086
2021-04-14,-0.30893011750154603,0.0018629404862797489
2021-04-15,-0.15636363636363637,0.12221017022552358
2021-04-16,-0.1135064935064935,0.26328874953204623
2021-04-19,-0.1607792207792208,0.11188502456810127
2021-04-20,-0.022968460111317254,0.8214653831305679
2021-04-21,-0.11584415584415583,0.25351837732117366
2021-04-22,-0.032714904143475575,0.7478609017394934
2021-04-23,-0.041447124304267155,0.6837646762498266
2021-04-26,-0.1312430426716141,0.19536298482419948
2021-04-27,-0.1011379097093383,0.3192083376955398
2021-04-28,0.021645021645021644,0.8315960997268309
2021-04-29,0.03453308596165739,0.7343556376414979
2021-04-30,0.18983302411873837,0.059839055857120654
2021-05-03,0.22310451453308594,0.02643729650973964
2021-05-04,0.18123685837971554,0.07260901805718639
2021-05-05,0.21951762523191093,0.02902581760542708
2021-05-06,0.19960420531849102,0.047614324904017125
2021-05-07,0.137291280148423,0.17538300091426973
2021-05-10,0.04550401978973407,0.6547011149782562
2021-05-11,-0.02677798392084106,0.7924727830086536
2021-05-12,0.09688311688311686,0.34009442794796685
2021-05-13,0.010624613481756338,0.9168726216148304
2021-05-14,-0.030105132962275818,0.7673789342000842
2021-05-17,0.02800247371675943,0.7832113706662818
2021-05-18,-0.08047000618429188,0.4284872096212189
2021-05-19,-0.15010513296227582,0.1380810207456663
2021-05-20,-0.06489795918367347,0.5233441705476194
2021-05-21,-0.09371675943104515,0.35618435057261355
2021-05-24,-0.06453927025355596,0.5256474069437567
2021-05-25,0.03303648732220161,0.7454665293591428
2021-05-26,-0.03166357452071737,0.7557052716975399
2021-05-27,-0.19061224489795917,0.0587783934393669
2021-05-28,-0.16032158317872605,0.11292258615270384
2021-06-01,-0.27616573902288183,0.005658453753955267
2021-06-02,-0.2777241805813234,0.005382557674935805
2021-06-03,-0.22912801484230055,0.02253186206698174
2021-06-04,-0.1892517006802721,0.060640479190393635
2021-06-07,-0.14272108843537412,0.15876204555540216
2021-06-08,-0.15026592455163884,0.13765459734290758
2021-06-09,-0.0012121212121212121,0.9904995848981044
2021-06-10,0.13741496598639455,0.17499069520807606
2021-06-11,-0.016672850958565244,0.8698907434305567
2021-06-14,-0.012677798392084105,0.9008834135976491
2021-06-15,-0.08650587507730363,0.39455343670817433
2021-06-16,-0.22681508967223252,0.023968788106411464
2021-06-17,-0.13654916512059367,0.17775040772668965
2021-06-18,0.054792826221397646,0.5901195935472325
2021-06-21,0.18493506493506492,0.06686913161292478
2021-06-22,0.03742733457019171,0.7130248593757647
2021-06-23,-0.15225726654298083,0.13245601900920995
2021-06-24,-0.22144712430426713,0.027607885676523645
2021-06-25,-0.2289424860853432,0.022644339140990215
2021-06-28,-0.1985281385281385,0.048850106307873835
2021-06-29,-0.13288806431663575,0.1897730065472817
2021-06-30,-0.11442176870748298,0.25943327437544506
2021-07-01,-0.08820037105751391,0.3853228092932832
2021-07-02,-0.026641929499072355,0.7935036362534065
2021-07-06,0.11842918985776128,0.2430068419432275
2021-07-07,0.22003710575139146,0.028638126628374592
2021-07-08,0.3899319727891156,6.617838897138496e-05
2021-07-09,0.21951762523191093,0.02902581760542708
2021-07-12,0.1135064935064935,0.26328874953204623
2021-07-13,0.17951762523191092,0.07540933577618013
2021-07-14,0.21532467532467534,0.03232089800134396
2021-07-15,0.22153370439084727,0.027545664100481385
2021-07-16,0.2933951762523191,0.0032053831591109592
2021-07-19,0.22708719851576992,0.02379577663980412
2021-07-20,0.14763141620284476,0.14476833549866577
2021-07-21,-0.11976499690785404,0.23769491093225192
2021-07-22,-0.028286951144094002,0.7810639995535278
2021-07-23,0.09922077922077921,0.3285147349741625
2021-07-26,0.12301793444650587,0.2250986654557648
2021-07-27,0.27273964131106987,0.006309555634452509
2021-07-28,0.21417439703153987,0.033278153149134584
2021-07-29,0.2673098330241187,0.007477848065010282
2021-07-30,0.1945207173778602,0.05368767241596801
2021-08-02,0.15004329004329003,0.1382452963385419
2021-08-03,0.06373531230674087,0.5308283046497773
2021-08-04,0.02445269016697588,0.810138678814294
2021-08-05,0.0003710575139146567,0.9970916483473202
2021-08-06,-0.0860482374768089,0.3970687797859812
2021-08-09,-0.16545454545454547,0.1017046014324984
2021-08-10,-0.1021768707482993,0.31423655611476675
2021-08-11,-0.10700061842918984,0.29181361372756703
2021-08-12,-0.059579468150896715,0.5580098005887327
2021-08-13,-0.03324675324675325,0.7439022842364366
2021-08-16,0.10022263450834877,0.323629995692686
2021-08-17,0.12546691403834262,0.21593054006134246
2021-08-18,0.09542362399505257,0.3474530463690624
2021-08-19,0.11332096474953617,0.2640749850200138
2021-08-20,0.07463203463203463,0.4628431785559015
2021-08-23,0.1292764378478664,0.20220052437469302
2021-08-24,0.16164502164502162,0.10994233832724594
2021-08-25,0.06106369820655535,0.5482260384517719
2021-08-26,0.11788497217068646,0.24519433579934033
2021-08-27,-0.06742115027829312,0.5072874363990578
2021-08-30,-0.0526777983920841,0.6045695005450238
2021-08-31,-0.07179962894248608,0.4800410552908668
2021-09-01,0.027668521954236237,0.7857342724932627
2021-09-02,-0.01311069882498454,0.8975170250476766
2021-09-03,0.012813852813852814,0.8998252137716581
2021-09-07,-0.03778602350030921,0.710396232377269
2021-09-08,0.05821892393320964,0.5670510484747227
2021-09-09,0.03349412492269635,0.7420633273258057
2021-09-10,0.03748917748917749,0.7125714073812368
2021-09-13,0.031478045763760044,0.7570921754294955
2021-09-14,0.048930117501546064,0.6305494162314637
2021-09-15,0.06948670377241806,0.4943351768387
2021-09-16,0.12462585034013603,0.21904885803444474
2021-09-17,0.24896722325293755,0.012955388415501586
2021-09-20,0.3033889919604205,0.0022684107106104253
2021-09-21,0.3030921459492888,0.0022922252929970925
2021-09-22,0.2456400742115028,0.01425706045793931
2021-09-23,0.20055658627087197,0.04654227650470638
2021-09-24,0.20247371675943102,0.04444486141422351
2021-09-27,0.12932591218305506,0.20202643222983502
2021-09-28,0.1402968460111317,0.16603161630230479
2021-09-29,0.1903525046382189,0.05913022674696745
2021-09-30,0.23156315631563154,0.02044276391334263
2021-10-01,0.19180318031803179,0.055913795038533456
2021-10-04,0.21104110411041102,0.035058817001786445
2021-10-05,0.12085208520852082,0.23102512483665472
2021-10-06,0.1371977197719772,0.17345861801359638
2021-10-07,0.16956495649564954,0.0916865147934146
2021-10-08,0.14753075307530752,0.14297890867146934
2021-10-11,0.11308730873087307,0.2626058693816519
2021-10-12,0.03228322832283228,0.7498352493406211
2021-10-13,0.11164716471647164,0.2687713154408816
2021-10-14,0.10617461746174615,0.2930874846728846
2021-10-15,0.06149414941494149,0.543329560609651
2021-10-18,0.00564056405640564,0.9555832556013328
2021-10-19,-0.022586258625862582,0.8234955213868651
2021-10-20,0.01780978097809781,0.8603940223247042
2021-10-21,-0.012625262526252623,0.9007845942194007
2021-10-22,-0.002676267626762676,0.9789173597625622
2021-10-25,0.05134113411341133,0.6119504774020263
2021-10-26,0.025130513051305124,0.8039914335213926
2021-10-27,-0.12705670567056704,0.2077757339497891
2021-10-28,-0.0912091209120912,0.36678759265378924
2021-10-29,-0.10455445544554456,0.30055682907711545
2021-11-01,-0.09882988298829883,0.32794031681166125
2021-11-02,-0.08042004200420041,0.42639304294584945
2021-11-03,-0.2093369336933693,0.03659358214026931
2021-11-04,-0.23177917791779176,0.0203222730076578
2021-11-05,-0.0872127212721272,0.38824304801330456
2021-11-08,-0.13591359135913592,0.1775574365495937
2021-11-09,-0.037767776777677765,0.7091018755014256
2021-11-10,0.08829282928292828,0.3823713474650947
2021-11-11,-0.16639663966396637,0.09800509307321528
2021-11-12,-0.19804380438043803,0.048251266201749896
2021-11-15,-0.12712871287128713,0.20751610464995499
2021-11-16,-0.20069606960696068,0.04526875919870236
2021-11-17,-0.2612541254125412,0.008653222211636722
2021-11-18,-0.3133513351335134,0.0015011205139586997
2021-11-19,-0.2629342934293429,0.00821843333573175
2021-11-22,-0.28760876087608755,0.0037138362067652467
2021-11-23,-0.2667386738673867,0.007304375494738214
2021-11-24,-0.18137413741374134,0.07092644154185376
2021-11-26,-0.2073447344734473,0.03845880597463862
2021-11-29,-0.2756315631563156,0.005509249528456401
2021-11-30,-0.32505250525052504,0.0009677250912060499
2021-12-01,-0.3672367236723672,0.00017099973339119496
2021-12-02,-0.281020102010201,0.004623188134691284
2021-12-03,-0.10922292229222921,0.27936928158362107
2021-12-06,-0.1887068706870687,0.060070708816565586
2021-12-07,-0.29327332733273326,0.0030637702737534743
2021-12-08,-0.265010501050105,0.007707827444060597
2021-12-09,-0.23048304830483046,0.021054462415149574
2021-12-10,-0.26000600060005996,0.008989186970644105
2021-12-13,-0.1795259525952595,0.0738988603415008
2021-12-14,-0.17185718571857184,0.08731945784933151
2021-12-15,-0.24778877887788778,0.012932307594455699
2021-12-16,-0.2381038103810381,0.017055038995436977
2021-12-17,-0.21936993699369933,0.02831428435104179
2021-12-20,-0.19732373237323728,0.04908847817130334
2021-12-21,-0.21357335733573354,0.03287844269759324
2021-12-22,-0.1929192919291929,0.05447446989393043
2021-12-23,-0.20045604560456043,0.04553221514749813
2021-12-27,-0.17568556855685566,0.08039586992674014
2021-12-28,-0.17465346534653464,0.08221767832844781
2021-12-29,-0.18954695469546953,0.05891867916756538
2021-12-30,-0.2181338133813381,0.02923967089946426
2021-12-31,-0.21347734773477348,0.03295897532160937
2022-01-03,-0.07470747074707469,0.4600798855665379
2022-01-04,-0.09287728772877286,0.3580513650410435
2022-01-05,0.026918691869186915,0.7903541611727141
2022-01-06,0.058181818181818175,0.5652975860840226
2022-01-07,0.13639363936393636,0.17601693620895587
2022-01-10,0.1343054305430543,0.18279012105569403
2022-01-11,0.0819201920192019,0.4177875177140089
2022-01-12,0.028970897089708972,0.774781103873245
2022-01-13,0.11762376237623762,0.24381651818003172
2022-01-14,0.12750075007500747,0.20617837783177503
2022-01-18,0.20442844284428438,0.04133221028375167
2022-01-19,0.21449744974497448,0.03211176258748913
2022-01-20,0.2249384938493849,0.024447550528996626
2022-01-21,0.20466846684668463,0.041089144154440975
2022-01-24,0.19207920792079208,0.05555496206466413
2022-01-25,0.03198319831983198,0.7520846877687113
2022-01-26,0.005748574857485748,0.9547336128053947
2022-01-27,-0.05344134413441344,0.5974492675890675
2022-01-28,-0.03695169516951695,0.7151144641664728
2022-01-31,0.15000300030002997,0.13632603171004468
2022-02-01,0.09588958895889588,0.3426056921215259
2022-02-02,0.005544554455445544,0.9563385353919958
2022-02-03,-0.012481248124812478,0.9019106653692026
2022-02-04,0.00846084608460846,0.9334172380427018
2022-02-07,0.02643864386438644,0.7940091577345834
2022-02-08,0.005028502850285028,0.9603988089344946
2022-02-09,0.07621962196219621,0.45102285505574213
2022-02-10,0.1400300030003,0.16466510440825627
2022-02-11,0.1798259825982598,0.07340961998874393
2022-02-14,0.16818481848184816,0.09439812036096833
2022-02-15,0.13664566456645663,0.17521211233928163
2022-02-16,0.12712871287128713,0.20751610464995499
2022-02-17,0.15657965796579656,0.11977392912528995
2022-02-18,0.09399339933993398,0.3522788741994076
2022-02-22,0.1431263126312631,0.15543486470468415
2022-02-23,0.10401440144014398,0.3030741229099398
2022-02-24,0.24585658565856583,0.013677422892014918
2022-02-25,0.18058205820582054,0.07218829678061488
2022-02-28,0.05717371737173717,0.5720659391665692
2022-03-01,0.05926192619261925,0.5580881057670849
2022-03-02,0.06473447344734473,0.5222521345833537
2022-03-03,0.03085508550855085,0.760561002266464
2022-03-04,-0.12804080408040802,0.20424750681765869
2022-03-07,-0.14846684668466847,0.14043158007229684
2022-03-08,0.00186018601860186,0.9853452789463923
2022-03-09,0.14161416141614158,0.15989314144205904
2022-03-10,0.1587158715871587,0.11474507058732099
2022-03-11,0.041104110411041096,0.6847095529411922
2022-03-14,-0.004968496849684968,0.9608710014000041
2022-03-15,0.0009120912091209121,0.9928141571744273
2022-03-16,0.09863786378637862,0.32888563253629954
2022-03-17,0.08224422442244222,0.4159420446218083
2022-03-18,-0.021038103810381036,0.8354171415713846
2022-03-21,-0.026894689468946888,0.790536803929893
2022-03-22,-0.049756975697569754,0.6229888781364754
2022-03-23,-0.046000600060005996,0.649495409039575
2022-03-24,-0.0802040204020402,0.42764056673349626
2022-03-25,-0.01812181218121812,0.8579734754568096
2022-03-28,-0.017737773777377733,0.8609527943561345
2022-03-29,0.09215721572157214,0.361806466517419
2022-03-30,0.10372637263726371,0.30442230613408644
2022-03-31,0.11566756675667567,0.251801525075392
2022-04-01,0.11397539753975397,0.2588521503919248
2022-04-04,0.0989138913891389,0.3275272875544739
2022-04-05,0.09785778577857786,0.3327438400891113
2022-04-06,0.09503750375037502,0.34693163000013694
2022-04-07,0.05705370537053704,0.5728742141612946
2022-04-08,0.045748574857485735,0.6512900296590823
2022-04-11,0.20426042604260425,0.04150306903013185
2022-04-12,0.1932073207320732,0.0541080126607834
2022-04-13,0.12964896489648964,0.1985745969574619
2022-04-14,0.16808880888088806,0.09458908347656655
2022-04-18,0.11360336033603359,0.26042017454450234
2022-04-19,0.14954695469546955,0.13753522913891839
2022-04-20,0.06846684668466846,0.49849771814723354
2022-04-21,0.05713771377137713,0.5723083656317373
2022-04-22,0.02766276627662766,0.7846979053150808
2022-04-25,0.15881188118811881,0.11452295590807335
2022-04-26,0.034359435943594356,0.7343274298883171
2022-04-27,-0.03125112511251125,0.7575819915564322
2022-04-28,-0.019285928592859283,0.8489547455650401
2022-04-29,-0.12198019801980196,0.2266680023051841
2022-05-02,-0.025262526252625258,0.8029825898297209
2022-05-03,-0.1082268226822682,0.28380389660851424
2022-05-04,0.009336933693369335,0.9265411637100855
2022-05-05,-0.0687068706870687,0.4969897055598328
2022-05-06,-0.10531053105310528,0.29705573115032036
2022-05-09,-0.24618061806180613,0.01354991936543922
2022-05-10,-0.23971197119711968,0.01630054378479754
2022-05-11,-0.14466246624662465,0.15100162601115963
2022-05-12,-0.042556255625562554,0.6741912799832659
2022-05-13,0.04004800480048005,0.6923973379530781
2022-05-16,-0.18097809780978094,0.07155512504339451
2022-05-17,-0.0012601260126012602,0.9900723109185139
2022-05-18,-0.14448244824482448,0.15151618384565413
2022-05-19,0.040192019201920184,0.6913471432476367
2022-05-20,0.05536153615361535,0.5843272899067009
2022-05-23,0.08906090609060906,0.37822871600749386
2022-05-24,-0.0797959795979598,0.4300027015466322
2022-05-25,0.001164116411641164,0.9908286721236746
2022-05-26,0.14702670267026702,0.14436492875125084
2022-05-27,0.15715571557155714,0.11840139125176292
2022-05-31,0.25369336933693365,0.010870035205267988
2022-06-01,0.2492169216921692,0.012404535414742394
2022-06-02,0.20268826882688265,0.043130535029572356
2022-06-03,0.2309270927092709,0.020801111516263755
2022-06-06,0.21299729972997294,0.03336413656589874
2022-06-07,0.19859585958595855,0.04761743169295733
2022-06-08,0.25742574257425743,0.009720284343838486
2022-06-09,0.2067686768676867,0.03901274716170397
2022-06-10,0.14736273627362736,0.14343979374422144
2022-06-13,0.087008700870087,0.3893581878804766
2022-06-14,0.03341134113411341,0.7413962333459101
2022-06-15,0.023534353435343533,0.8162142528127985
2022-06-16,-0.2921572157215721,0.003183123738576336
2022-06-17,-0.36435643564356435,0.00019399332961798733
2022-06-21,-0.4430963096309631,3.900702901176286e-06
2022-06-22,-0.40441644164416435,3.0056430578151836e-05
2022-06-23,-0.3459345934593459,0.00042291730113714476
2022-06-24,-0.01212121212121212,0.9047266887317083
2022-06-27,-0.3092829282928293,0.001741587574064549
2022-06-28,-0.39428742874287426,4.927988051903128e-05
2022-06-29,-0.4082688268826882,2.4798509151243975e-05
2022-06-30,-0.5357455745574558,9.262996438816324e-09
2022-07-01,-0.5442784278427842,4.824532720386817e-09
2022-07-05,-0.48712871287128706,2.754635665212405e-07
2022-07-06,-0.5395979597959796,6.915534815178309e-09
2022-07-07,-0.46211821182118207,1.2986878466990558e-06
2022-07-08,-0.43800780078007795,5.17742733595374e-06
2022-07-11,-0.4285988598859886,8.636515097229501e-06
2022-07-12,-0.5118391839183918,5.247529900815136e-08
2022-07-13,-0.5047344734473447,8.567498345414682e-08
2022-07-14,-0.5263966396639663,1.8545900506281162e-08
2022-07-15,-0.46169816981698164,1.3315744153792392e-06
2022-07-18,-0.4123852385238524,2.0139513381809013e-05
2022-07-19,-0.20246024602460244,0.04337093101094472
2022-07-20,-0.0646144614461446,0.5230253350016483
2022-07-21,0.08498049804980495,0.40054800436467464
2022-07-22,0.1410981098109811,0.1614362011451166
2022-07-25,0.05590159015901589,0.5806606697656538
2022-07-26,-0.10169816981698168,0.3140266023997635
2022-07-27,0.021830183018301825,0.8293128761345864
2022-07-28,0.14426642664266426,0.15213538769902937
2022-07-29,0.1797179717971797,0.0735854451597209
2022-08-01,0.22238223822382233,0.02616270800602102
2022-08-02,0.1431263126312631,0.15543486470468415
2022-08-03,0.29539753975397537,0.002847658533254174
2022-08-04,0.3395019501950195,0.0005491353676359409
2022-08-05,0.4061926192619262,2.751446373488002e-05
2022-08-08,0.37231323132313227,0.00013651046643995137
2022-08-09,0.2967176717671767,0.002720355813831791
2022-08-10,0.3477347734773477,0.00039271551996416365
2022-08-11,0.4344314431443143,6.300334062430931e-06
2022-08-12,0.45161716171617156,2.4029039049203903e-06
2022-08-15,0.4861686168616861,2.930316733513739e-07
2022-08-16,0.4527452745274527,2.2513966893402962e-06
2022-08-17,0.4213261326132613,1.269469502626551e-05
2022-08-18,0.37266126612661266,0.00013440012229008267
2022-08-19,0.4096369636963696,2.3148312026856565e-05
2022-08-22,0.40243624362436237,3.314866064362318e-05
2022-08-23,0.47440744074407437,6.155634208520826e-07
2022-08-24,0.45213321332133205,2.3324392101584973e-06
2022-08-25,0.49713771377137705,1.429579801198316e-07
2022-08-26,0.4062406240624062,2.7448639985142652e-05
2022-08-29,0.33237323732373236,0.000728736475953393
2022-08-30,0.42367836783678364,1.1218615911693929e-05
2022-08-31,0.43960396039603955,4.739729827131946e-06
2022-09-01,0.3817581758175817,8.888116435189808e-05
2022-09-02,0.25849384938493847,0.009411543920192
2022-09-06,0.19015901590159012,0.05809076650663453
2022-09-07,0.21900990099009895,0.028581214258188995
2022-09-08,0.35973597359735976,0.00023692562382772578
2022-09-09,0.42553855385538547,1.0167193017681424e-05
2022-09-12,0.4829642964296429,3.596972134261969e-07
2022-09-13,0.3567596759675967,0.0002690602962480307
2022-09-14,0.3374377437743774,0.0005964381837160398
2022-09-15,0.3483468346834683,0.00038290764990696265
2022-09-16,0.24190819081908188,0.015316896566714103
2022-09-19,0.2595259525952595,0.009121426236052351
2022-09-20,0.19188718871887187,0.05580438435990587
2022-09-21,0.11771977197719771,0.24342917687238616
2022-09-22,0.02459045904590459,0.8081218527277878
2022-09-23,0.02087008700870087,0.8367132546186464
2022-09-26,-0.13106510651065104,0.19367373642950403
2022-09-27,-0.012997299729972994,0.8978764922892332
2022-09-28,-0.000516051605160516,0.9959342889770237
2022-09-29,-0.03663966396639664,0.7174180263313075
2022-09-30,-0.035439543954395435,0.7263013203724614
2022-10-03,0.01044104410441044,0.9178831764191082
2022-10-04,0.1875307530753075,0.061714379915866716
2022-10-05,0.21206120612061202,0.03416627517489698
2022-10-06,0.14687068706870685,0.14479598324739246
2022-10-07,0.0742994299429943,0.462540901150601
2022-10-10,0.05968196819681968,0.5552963585795209
2022-10-11,0.008808880888088809,0.9306850327568491
2022-10-12,-0.21335733573357332,0.03305987484196652
2022-10-13,-0.3405460546054605,0.0005265426839537751
2022-10-14,-0.3080108010801079,0.0018236376314822481
2022-10-17,-0.2727032703270327,0.00605148573946818
2022-10-18,-0.2021362136213621,0.04371446276422083
2022-10-19,-0.15619561956195618,0.1206957493941825
2022-10-20,-0.11804380438043804,0.24212504395600795
2022-10-21,-0.057641764176417636,0.5689187760674785
2022-10-24,-0.11887188718871886,0.23881427224189916
2022-10-25,-0.03192319231923192,0.7525348250508272
2022-10-26,-0.043972397239723966,0.6639938053465582
2022-10-27,-0.05044104410441044,0.6182118651242328
2022-10-28,-0.044248424842484244,0.662013203398151
2022-10-31,-0.19776777677767776,0.04857079080385594
2022-11-01,-0.21639363936393635,0.030585732263593242
2022-11-02,-0.2581578157815781,0.00950773390736653
2022-11-03,-0.24975697569756972,0.012209908026312019
2022-11-04,-0.20196819681968195,0.04389347919447106
2022-11-07,-0.15123912391239122,0.13308910342958924
2022-11-08,-0.16429642964296426,0.10237893216990754
2022-11-09,-0.3107830783078308,0.0016491336315355722
2022-11-10,0.07227122712271226,0.4748802481524591
2022-11-11,0.2144374437443744,0.03216108485987001
2022-11-14,0.22043804380438042,0.027534802923342597
2022-11-15,0.3923312331233123,5.4118241246738e-05
2022-11-16,0.3229042904290429,0.0010503295360701956
2022-11-17,0.31769576957695767,0.001277936562476885
2022-11-18,0.28026402640264025,0.004739309602128647
2022-11-21,0.17543354335433542,0.08083772292722127
2022-11-22,0.2938733873387338,0.003001276659402856
2022-11-23,0.3653045304530453,0.00018612644976107056
2022-11-25,0.3805220522052205,9.408588106397235e-05
2022-11-28,0.35245124512451237,0.00032274557380801894
2022-11-29,0.19495949594959494,0.051922133637995097
2022-11-30,0.42713471347134707,9.339577828958818e-06
2022-12-01,0.31642364236423637,0.0013399433304206745
2022-12-02,0.10605460546054604,0.2936365251330377
2022-12-05,0.11759975997599759,0.24391342007346134
2022-12-06,0.01698169816981698,0.866823987117893
2022-12-07,-0.16928892889288927,0.09222384695525171
2022-12-08,-0.12955295529552954,0.1989100608589842
2022-12-09,-0.20027602760276025,0.04573064088957773
2022-12-12,-0.2372277227722772,0.01747862515878402
2022-12-13,-0.12969696969696967,0.19840701782053705
2022-12-14,-0.2612541254125412,0.008653222211636722
2022-12-15,-0.437983798379838,5.1842911342787915e-06
2022-12-16,-0.41140114011401135,2.1172053997982202e-05
2022-12-19,-0.5815661566156615,2.2258153587095753e-10
2022-12-20,-0.6875007500750074,2.7911346422269185e-15
2022-12-21,-0.6571377137713771,1.1257948201369085e-13
2022-12-22,-0.6483888388838883,3.02398262807752e-13
2022-12-23,-0.6822802280228022,5.439877038846516e-15
2022-12-27,-0.7244644464446445,1.607371936749437e-17
2022-12-28,-0.7050705070507051,2.656218644438057e-16
2022-12-29,-0.696105610561056,9.00827752287556e-16
2022-12-30,-0.7548994899489947,1.1758098326690416e-19
2023-01-03,-0.8036483648364835,8.089768080166035e-24
2023-01-04,-0.7733093309330932,4.175245032805199e-21
2023-01-05,-0.7811941194119412,9.067143727639305e-22
2023-01-06,-0.7624482448244824,3.1030615022285384e-20
2023-01-09,-0.706078607860786,2.308775763795166e-16
2023-01-10,-0.662082208220822,6.347774437117519e-14
2023-01-11,-0.5626162616261626,1.1145853190285674e-09
2023-01-12,-0.5803060306030602,2.485468651670704e-10
2023-01-13,-0.5591959195919591,1.4748359013171304e-09
2023-01-17,-0.6183978397839783,7.100755761893741e-12
2023-01-18,-0.5772457245724572,3.242932044549411e-10
2023-01-19,-0.5185118511851184,3.2774335389075635e-08
2023-01-20,-0.20783678367836783,0.037990874582345104
2023-01-23,-0.0958175817581758,0.3429699453613836
2023-01-24,-0.21198919891989196,0.03422864465431439
2023-01-25,-0.14664266426642664,0.14542773150682936
2023-01-26,-0.09731773177317732,0.33543169321879474
2023-01-27,-0.1041224122412241,0.30256956334556306
2023-01-30,-0.09113711371137112,0.3671676180688873
2023-01-31,0.01687368736873687,0.8676633275476189
2023-02-01,0.152019201920192,0.13107673701718828
2023-02-02,0.4604860486048604,1.4309530271130225e-06
2023-02-03,0.4422322232223222,4.094158627753022e-06
2023-02-06,0.36626462646264624,0.00017846171706836222
2023-02-07,0.49947794779477944,1.2226006404663663e-07
2023-02-08,0.44416441644164417,3.673482745659966e-06
2023-02-09,0.3479627962796279,0.00038903491053420475
2023-02-10,0.10659465946594658,0.291171188660191
2023-02-13,0.08291629162916292,0.4121295388900922
2023-02-14,0.09728172817281729,0.3356113715486785
2023-02-15,0.09086108610861086,0.3686266190225851
2023-02-16,0.09461746174617461,0.34907667451465496
2023-02-17,-0.04196819681968196,0.6784433361950373
2023-02-21,-0.1308130813081308,0.19453946540133954
2023-02-22,-0.17035703570357033,0.09015834964373932
2023-02-23,-0.11726372637263724,0.24527284352211554
2023-02-24,-0.1308250825082508,0.1944981769245661
2023-02-27,-0.10003000300030002,0.3220714694879665
2023-02-28,-0.1253165316531653,0.21412078723782518
2023-03-01,-0.19847584758475845,0.047754632345503895
2023-03-02,-0.25177317731773174,0.011506642036566664
2023-03-03,-0.09879387938793877,0.3281174311629059
2023-03-06,-0.15024302430243022,0.13569286591687335
2023-03-07,-0.1508190819081908,0.13418239367867774
2023-03-08,-0.16127212721272127,0.10894415004972073
2023-03-09,-0.2014281428142814,0.044473021544652436
2023-03-10,-0.22575457545754576,0.023920598985786978
2023-03-13,-0.028046804680468045,0.7817829018435499
2023-03-14,-0.016537653765376536,0.8702755442559045
2023-03-15,0.08715271527152714,0.3885708313071359
2023-03-16,0.18696669666966695,0.06251557627744932
2023-03-17,0.18889888988898887,0.05980577952252488
2023-03-20,0.07839183918391837,0.43818799987753065
2023-03-21,0.25482148214821476,0.010510583593931856
2023-03-22,0.17785778577857786,0.07666709480492045
2023-03-23,0.23945994599459944,0.0164168425197062
2023-03-24,0.3374377437743774,0.0005964381837160398
2023-03-27,0.31755175517551754,0.0012848228725552183
2023-03-28,0.14209420942094209,0.15846762037944653
2023-03-29,0.2095289528952895,0.03641788105265545
2023-03-30,0.21974197419741973,0.028040681478300432
2023-03-31,0.237023702370237,0.017578562108788814
2023-04-03,0.12363636363636363,0.22037645651423188
2023-04-04,0.15541554155415543,0.12258501656808497
2023-04-05,0.09406540654065405,0.35190845813140326
2023-04-06,0.10468646864686468,0.29994358332859317
2023-04-10,0.14334233423342332,0.15480562867524067
2023-04-11,0.14186618661866185,0.15914355708573882
2023-04-12,0.08292829282928293,0.41206164439334436
2023-04-13,0.12237623762376236,0.2251521497184481
2023-04-14,0.10015001500150014,0.32148831985180354
2023-04-17,0.14708670867086707,0.14419939666611586
2023-04-18,0.1203240324032403,0.233084632940762
2023-04-19,0.11642364236423643,0.24869426798882519
2023-04-20,0.07936393639363937,0.4325118971821367
2023-04-21,0.013897389738973894,0.8908464196605915
2023-04-24,-0.022178217821782177,0.826633881324573
2023-04-25,-0.01788178817881788,0.8598353191032514
2023-04-26,0.021290129012901286,0.8334737979368592
2023-04-27,0.07771977197719772,0.4421367501549005
2023-04-28,0.07218721872187218,0.4753951538554442
2023-05-01,-0.01972997299729973,0.8455196677650934
2023-05-02,-0.05494149414941494,0.5871864180825128
2023-05-03,-0.18748274827482747,0.06178223941175314
2023-05-04,-0.15807980798079804,0.11622501928156878
2023-05-05,-0.2061086108610861,0.039655658586530834
2023-05-08,-0.23122712271227122,0.020631413467492678
2023-05-09,-0.16675667566756672,0.09727027340616864
2023-05-10,-0.056909690969096906,0.5738448479233473
2023-05-11,-0.09410141014101409,0.3517233411949482
2023-05-12,-0.07638763876387637,0.4500226894257372
2023-05-15,0.000588058805880588,0.995366986355654
2023-05-16,-0.08394839483948394,0.4063145179139386
2023-05-17,-0.011305130513051305,0.9111139902872503
2023-05-18,-0.05653765376537653,0.5763558627941312
2023-05-19,-0.029714971497149714,0.7691563400617372
2023-05-22,0.17357335733573356,0.08415936284974868
2023-05-23,0.30700270027002696,0.0018911248621231345
2023-05-24,0.13988598859885987,0.16510409957811442
2023-05-25,0.10501050105010501,0.29844182897223237
2023-05-26,0.05408940894089408,0.5930058655150361
2023-05-30,-0.04144014401440144,0.6822701225802188
2023-05-31,0.07597959795979597,0.4524538095572741
2023-06-01,-0.03733573357335733,0.7122828158518244
2023-06-02,0.13760576057605758,0.17217088026137298
2023-06-05,0.06653465346534654,0.5107239522199484
2023-06-06,0.08868886888688868,0.38023189369636945
2023-06-07,0.3609360936093609,0.0002250017980877351
2023-06-08,0.22336633663366334,0.02549066185006645
2023-06-09,0.2179297929792979,0.02939484155169613
2023-06-12,0.14223822382238221,0.15804181703164258
2023-06-13,0.2451605160516051,0.013954852054268382
2023-06-14,0.2693189318931893,0.006736705602492746
2023-06-15,0.30979897989798977,0.0017092669779449027
2023-06-16,0.26486648664866486,0.007742319545978856
2023-06-20,0.09651365136513651,0.33945903754648943
2023-06-21,0.0332073207320732,0.7429202050063398
2023-06-22,-0.053045304530453044,0.6001719941005228
2023-06-23,0.04039603960396039,0.6898603681187204
2023-06-26,-0.008304830483048304,0.9346422723794927
2023-06-27,-0.09210921092109209,0.36205766762928415
2023-06-28,-0.029186918691869186,0.773146894336098
2023-06-29,0.013249324932493247,0.8959072523739751
2023-06-30,0.019249924992499248,0.8492333900985751
2023-07-03,-0.028286828682868283,0.7799625532947633
2023-07-05,-0.001224122412241224,0.9903559453769355
2023-07-06,-0.007812781278127812,0.9385068270732051
2023-07-07,-0.0025922592259225922,0.9795790020750954
2023-07-10,-0.0696189618961896,0.4912811562071203
2023-07-11,-0.12417641764176417,0.21835178765870855
2023-07-12,-0.16054005400540053,0.11058160279154451
2023-07-13,-0.2336153615361536,0.019322500965145213
2023-07-14,-0.15059105910591059,0.13477875078410365
2023-07-17,-0.2963456345634563,0.002755703630083259
2023-07-18,-0.27056705670567055,0.006476396196258561
2023-07-19,-0.18900690069006898,0.059657176595580536
2023-07-20,-0.03991599159915991,0.6933605282447592
2023-07-21,0.1308250825082508,0.1944981769245661
2023-07-24,0.19062706270627058,0.05746409940974514
2023-07-25,0.19948394839483946,0.046612254733632605
2023-07-26,0.21753375337533748,0.02969804677422801
2023-07-27,0.1554035403540354,0.12261425887891968
2023-07-28,0.12264026402640263,0.2241455503717412
2023-07-31,0.16008400840084008,0.11161128900105781
2023-08-01,0.18012601260126013,0.07292299134364956
2023-08-02,0.3049264926492649,0.0020372797432671916
2023-08-03,0.2842364236423642,0.004157057352091888
2023-08-04,0.3114911491149115,0.0016070596351727606
2023-08-07,0.24744074407440741,0.013063850083139296
2023-08-08,0.23875187518751875,0.01674743497143564
2023-08-09,0.36008400840084004,0.00023340897290773915
2023-08-10,0.3527272727272727,0.00031903022432416947
2023-08-11,0.3487668766876687,0.0003763077167919628
2023-08-14,0.2673027302730273,0.007176792848989405
2023-08-15,0.16733273327332732,0.09610358986952511
2023-08-16,0.029882988298829877,0.7678878743422172
2023-08-17,0.1581518151815181,0.11605674037570154
2023-08-18,0.17050105010501046,0.08988268224600164
2023-08-21,0.019249924992499248,0.8492333900985751
2023-08-22,-0.08836483648364836,0.38198181632429085
2023-08-23,-0.05876987698769877,0.561366960890405
2023-08-24,0.04927692769276927,0.6263505365864321
2023-08-25,0.03323132313231323,0.7427408625978463
2023-08-28,0.14906690669066905,0.13881684694355478
2023-08-29,0.12292829282928291,0.22305105930554
2023-08-30,-0.01309330933093309,0.8971262319712104
2023-08-31,0.04583258325832583,0.6506916010550847
2023-09-01,-0.02946294629462946,0.7710601788680966
2023-09-05,0.007404740474047404,0.9417126656177168
2023-09-06,-0.028826882688268822,0.7758711234003942
2023-09-07,0.045040504050405036,0.6563426888453393
2023-09-08,0.02274227422742274,0.8222962914809571
2023-09-11,0.0017761776177617759,0.9860070366671503
2023-09-12,0.17755775577557753,0.07717369940533958
2023-09-13,0.26106210621062104,0.008704178819038485
2023-09-14,0.21754575457545752,0.029688819984020343
2023-09-15,0.25291329132913287,0.011124840820788573
2023-09-18,0.18209420942094207,0.06979480952137503
2023-09-19,0.17692169216921694,0.07825658351868815
2023-09-20,0.2608220822082208,0.008768245734417894
2023-09-21,0.25509750975097506,0.010424234262442912
2023-09-22,0.25904590459045906,0.00925537223954653
2023-09-25,0.24172817281728168,0.015395540943363614
2023-09-26,0.13767776777677765,0.17194436534754462
2023-09-27,-0.1255085508550855,0.213413965785829
2023-09-28,-0.06114611461146115,0.5456179780536281
2023-09-29,-0.042100210021002095,0.67748790925049
2023-10-02,-0.17230123012301227,0.08649290933922126
2023-10-03,-0.060438043804380434,0.5502882057407814
2023-10-04,-0.1567476747674767,0.11937234415551226
2023-10-05,-0.15529552955295528,0.12287768119831677
2023-10-06,-0.15883588358835884,0.11446747932510437
2023-10-09,-0.03521152115211521,0.7279932933678901
2023-10-10,0.06123012301230122,0.5450651706787832
2023-10-11,6.000600060006e-05,0.999527240917147
2023-10-12,0.0895049504950495,0.3758462213445194
2023-10-13,0.20736873687368734,0.0384358686757124
2023-10-16,0.20844884488448842,0.03741547587496184
2023-10-17,0.16854485448544854,0.09368471723079504
2023-10-18,0.15287128712871287,0.12890525131658934
2023-10-19,0.18233423342334232,0.06942085798415501
2023-10-20,0.2384038403840384,0.016912028215235974
2023-10-23,0.16538853885388535,0.10008583030073273
2023-10-24,0.17147314731473143,0.08803936030676494
2023-10-25,0.1993159315931593,0.04680106293629135
2023-10-26,0.3001500150015001,0.0024129827048861236
2023-10-27,0.25729372937293726,0.009759053712607251
2023-10-30,0.1642124212421242,0.10255701544996826
2023-10-31,0.20014401440144014,0.04587660853699505
2023-11-01,0.054953495349534955,0.5871046402720255
2023-11-02,-0.0219021902190219,0.8287584399128479
2023-11-03,0.0446084608460846,0.6594333061837645
2023-11-06,-0.09534953495349534,0.3453435276773924
2023-11-07,-0.08422442244224423,0.4047675509105475
2023-11-08,-0.12696069606960694,0.20812226706178152
2023-11-09,-0.09045304530453044,0.3707898984503609
2023-11-10,-0.12890489048904888,0.2011851140587543
2023-11-13,-0.2649624962496249,0.007719309716608185
2023-11-14,-0.3453465346534653,0.0004332367168594927
2023-11-15,-0.19791179117911792,0.04840386473829172
2023-11-16,-0.17945394539453943,0.07401666768499388
2023-11-17,-0.13726972697269726,0.17323085671633195
2023-11-20,-0.23685568556855682,0.017661233042137684
2023-11-21,-0.1576957695769577,0.11712569677816949
2023-11-22,-0.17249324932493248,0.0861374151870184
2023-11-24,-0.14083408340834083,0.16222994214326003
2023-11-27,-0.14288628862886288,0.15613625565488887
2023-11-28,-0.1297089708970897,0.1983651389505376
2023-11-29,-0.11245124512451243,0.2653169813651403
2023-11-30,-0.32021602160216023,0.0011627313285782503
2023-12-01,-0.3215001500150015,0.001107741011524721
2023-12-04,-0.18837083708370836,0.06053664011917781
2023-12-05,-0.20252025202520252,0.0433075611062895
2023-12-06,-0.05042904290429043,0.6182955363565549
2023-12-07,-0.05244524452445244,0.6043078303817921
2023-12-08,0.033003300330033,0.7444451692707021
2023-12-11,0.07720372037203718,0.4451823851358102
2023-12-12,0.034179417941794174,0.7356679247577991
2023-12-13,0.19601560156015602,0.0506401166262297
2023-12-14,0.16375637563756373,0.10352799052831127
2023-12-15,0.163036303630363,0.105075738983804
2023-12-18,0.28768076807680765,0.0037048521973796723
2023-12-19,0.3234443444344434,0.0010289796826134406
2023-12-20,0.3328292829282928,0.0007158074223876982
2023-12-21,0.4070687068706871,2.6336126604889936e-05
2023-12-22,0.44358835883588354,3.7944288122558005e-06
2023-12-26,0.3611161116111611,0.0002232618293334729
2023-12-27,0.39579957995799575,4.5819781425677234e-05
2023-12-28,0.34583858385838573,0.0004245865189933546
2023-12-29,0.30503450345034505,0.002029431703414937
2024-01-02,0.502070207020702,1.0267181353984495e-07
2024-01-03,0.5792739273927392,2.719597382241156e-10
2024-01-04,0.5954755475547554,6.37802597996317e-11
2024-01-05,0.5778817881788179,3.0691908659821067e-10
2024-01-08,0.5731773177317732,4.5993046050773216e-10
2024-01-09,0.5519831983198319,2.634918480990326e-09
2024-01-10,0.5756375637563755,3.725388356686305e-10
2024-01-11,0.48468046804680465,3.2238222480382757e-07
2024-01-12,0.4786558655865586,4.722967402947563e-07
2024-01-16,0.46394239423942385,1.1645832579711226e-06
2024-01-17,0.38415841584158417,7.953118838942332e-05
2024-01-18,0.27534353435343534,0.005560599698290179
2024-01-19,0.18697869786978696,0.062498441788265156
2024-01-22,0.1315091509150915,0.19215518760753225
2024-01-23,0.3124752475247524,0.0015501989594589895
2024-01-24,0.1908910891089109,0.057113043479697596
2024-01-25,0.23996399639963994,0.016184958469831617
2024-01-26,0.301050105010501,0.002337738446588339
2024-01-29,0.255037503750375,0.010442952809901004
2024-01-30,0.3315691569156915,0.0007520538252150505
2024-01-31,0.4208100810081007,1.3042057462221232e-05
2024-02-01,0.34640264026402634,0.00041486592041036483
2024-02-02,0.1697209720972097,0.09138390282706593
2024-02-05,0.11348334833483348,0.2609273662898381
2024-02-06,0.23137113711371135,0.020550381444155455
2024-02-07,0.10670267026702669,0.29067977065703704
2024-02-08,-0.07558355835583558,0.4548203964901937
2024-02-09,0.022190219021902186,0.8265415374337718
2024-02-12,0.041368136813681365,0.682792583594857
2024-02-13,0.03085508550855085,0.760561002266464
2024-02-14,-0.20032403240324032,0.0456776573526665
2024-02-15,-0.062166216621662156,0.538923905248601
2024-02-16,-0.08980498049804979,0.3742416046360677
2024-02-20,0.07398739873987398,0.4644277221300104
2024-02-21,0.16530453045304527,0.10026077866174411
2024-02-22,-0.01188118811881188,0.906604695438517
2024-02-23,0.01572157215721572,0.8766252493848774
2024-02-26,-0.04976897689768976,0.6229049353324292
2024-02-27,-0.20088808880888084,0.045058906484203284
2024-02-28,-0.16981698169816978,0.09119807332996109
2024-02-29,-0.18363036303630362,0.0674294205902853
2024-03-01,-0.28435643564356433,0.004140507423295835
2024-03-04,-0.21694569456945692,0.030153142994095005
2024-03-05,-0.14772277227722772,0.14245355393677406
2024-03-06,-0.053285328532853275,0.5985211968710376
2024-03-07,-0.14983498349834984,0.13677058199588807
2024-03-08,-0.08295229522952295,0.4119258749945163
2024-03-11,0.10753075307530753,0.2869304900266726
2024-03-12,0.09912991299129913,0.3264667396315257
2024-03-13,0.1517311731173117,0.13181704179377488
2024-03-14,0.06011401140114011,0.5524318734104716
2024-03-15,0.23439543954395436,0.01891074386396323
2024-03-18,0.08498049804980495,0.40054800436467464
2024-03-19,0.000576057605760576,0.9954615366400276
2024-03-20,-0.22442244224422442,0.024785856056235137
2024-03-21,-0.28398439843984397,0.004192004675891358
2024-03-22,-0.22118211821182115,0.027002628269729857
2024-03-25,-0.23001500150015,0.02132436902988277
2024-03-26,-0.30425442544254416,0.002086731057460856
2024-03-27,-0.13969396939693968,0.16569077497149431
2024-03-28,-0.19888388838883883,0.047289480859007985
2024-04-01,-0.25550555055505547,0.010297725827502071
2024-04-02,-0.27566756675667564,0.00550286047561011
2024-04-03,-0.27759975997599756,0.005169492716405502
2024-04-04,-0.18335433543354332,0.06784959759872145
2024-04-05,-0.14539453945394537,0.14892259223497484
2024-04-08,-0.22052205220522048,0.02747427606473796
2024-04-09,-0.14766276627662764,0.14261757030672884
2024-04-10,-0.23234323432343232,0.02001052976663571
2024-04-11,-0.28892889288928897,0.0035521895459202533
2024-04-12,-0.32027602760276025,0.0011601073640769026
2024-04-15,-0.19475547554755476,0.05217285116892581
2024-04-16,-0.16096009600960093,0.10963975672420917
2024-04-17,-0.102010201020102,0.31253638338985146
2024-04-18,-0.05272127212721272,0.6024037807608937
2024-04-19,0.17279327932793276,0.08558428318400582
2024-04-22,0.16159615961596155,0.10822543183455231
2024-04-23,0.05015301530153015,0.6202213180928153
2024-04-24,0.15305130513051304,0.12845002804816477
2024-04-25,0.23854785478547852,0.016843751903664557
2024-04-26,0.2013081308130813,0.04460266829126689
2024-04-29,0.2548094809480948,0.010514352081746116
2024-04-30,0.24440444044404439,0.014261726604619081
2024-05-01,0.15186318631863185,0.1314773404019022
2024-05-02,0.10247824782478246,0.31030966954386807
2024-05-03,-0.030447044704470447,0.7636339463676727
2024-05-06,0.00036003600360036,0.9971634512225092
2024-05-07,0.09574557455745572,0.3433344421840423
2024-05-08,0.09594959495949594,0.3423023338421227
2024-05-09,0.1688328832883288,0.0931170660271907
2024-05-10,0.1612481248124812,0.10899753594034249
2024-05-13,0.3049024902490248,0.002039027470883378
2024-05-14,0.25455745574557453,0.01059376414727449
2024-05-15,0.20052805280528052,0.04545304512210627
2024-05-16,0.321020102010201,0.001128014827568158
2024-05-17,0.34294629462946286,0.0004778022085606623
2024-05-20,0.27609960996099603,0.0054267038006480806
2024-05-21,0.18755475547554754,0.06168047295396873
2024-05-22,0.21622562256225622,0.03071842696292269
2024-05-23,0.18467446744674465,0.06585908579694107
2024-05-24,0.10868286828682867,0.2817678001380427
2024-05-28,0.07716771677167716,0.4453953098447273
2024-05-29,0.1338373837383738,0.18433400226946978
2024-05-30,0.1971917191719172,0.04924326152230673
2024-05-31,0.31699969996999694,0.0013115339196349148
2024-06-03,0.4155055505550555,1.7169119165654044e-05
2024-06-04,0.4574137413741374,1.7152337393300792e-06
2024-06-05,0.4043684368436843,3.0128088935604727e-05
2024-06-06,0.4559255925592559,1.8714076453511058e-06
2024-06-07,0.43477947794779476,6.181727257285264e-06
2024-06-10,0.2435163516351635,0.014629653575897773
2024-06-11,0.1738253825382538,0.08370306620752835
2024-06-12,0.0792079207920792,0.43342004265105316
2024-06-13,-0.027158715871587157,0.7885283586685592
2024-06-14,-0.2619381938193819,0.008473816380897064
2024-06-17,-0.3382058205820582,0.000578417382635308
2024-06-18,-0.36574857485748574,0.00018254441487057998
2024-06-20,-0.2534653465346534,0.010943983259987772
2024-06-21,-0.0916171617161716,0.3646386788869308
2024-06-24,-0.2524692469246924,0.011272204592595663
2024-06-25,-0.32970897089708967,0.0008086338411783726
2024-06-26,-0.3206360636063606,0.0011444764015939705
2024-06-27,-0.3635643564356435,0.00020080031340760044
2024-06-28,-0.4357395739573957,5.865346387531643e-06
2024-07-01,-0.4393999399939993,4.793664269834839e-06
2024-07-02,-0.46256225622562247,1.2647590250196968e-06
2024-07-03,-0.5245244524452445,2.125862882425992e-08
2024-07-05,-0.543990399039904,4.933410870622906e-09
2024-07-08,-0.5200360036003601,2.9391503538774695e-08
2024-07-09,-0.5379177917791779,7.859206068557782e-09
2024-07-10,-0.47657965796579654,5.378206797858008e-07
2024-07-11,-0.3614401440144014,0.0002201611857349305
2024-07-12,-0.29586558655865586,0.002801923885195948
2024-07-15,-0.35367536753675366,0.0003065669280713014
2024-07-16,-0.2965616561656165,0.002735129133437311
2024-07-17,-0.1124152415241524,0.26547100610888413
2024-07-18,-0.11798379837983797,0.24236618420438621
2024-07-19,-0.04734473447344734,0.6399580975217029
2024-07-22,-0.12140414041404138,0.22888565042286443
2024-07-23,-0.21296129612961293,0.03339469206138397
2024-07-24,-0.00786078607860786,0.9381297331090442
2024-07-25,-0.0025082508250825076,0.9802406582202052
2024-07-26,0.042532253225322524,0.6743646340045472
2024-07-29,0.1074107410741074,0.28747186302733535
2024-07-30,0.17726972697269724,0.07766256319259325
2024-07-31,0.026018601860186015,0.7972109401906826
2024-08-01,0.1678127812781278,0.09513980073890625
2024-08-02,0.23133513351335133,0.0205706137897415
2024-08-05,0.1672247224722472,0.09632149903309474
2024-08-06,0.08871287128712871,0.38010246304773065
2024-08-07,0.0006360636063606359,0.9949887858718218
2024-08-08,-0.04118811881188119,0.6840993905170585
2024-08-09,-0.18523852385238523,0.0650231700068542
2024-08-12,-0.07398739873987398,0.4644277221300104
2024-08-13,-0.028946894689468945,0.7749627435103531
2024-08-14,-0.010885088508850884,0.914403803920076
2024-08-15,-0.06333033303330332,0.5313346406716513
2024-08-16,-0.05453345334533453,0.5899699477277984
2024-08-19,-0.08643264326432643,0.39251715903033535
2024-08-20,0.0556015601560156,0.5826963714682786
2024-08-21,0.07572757275727572,0.453959026023097
2024-08-22,0.04554455445544554,0.6527442769364431
2024-08-23,0.024638463846384635,0.8077544892494658
2024-08-26,0.13099309930993097,0.19392080284782515
2024-08-27,0.07446744674467447,0.4615266671719003
2024-08-28,-0.02939093909390939,0.7716043828539361
2024-08-29,-0.024998499849984996,0.8050005987696012
2024-08-30,-0.138025802580258,0.17085263786350488
2024-09-03,-0.06423042304230422,0.525503458798545
2024-09-04,-0.04652865286528653,0.6457417486571666
2024-09-05,-0.01014101410141014,0.9202349847436677
2024-09-06,0.007872787278727872,0.9380354617493343
2024-09-09,0.006108610861086108,0.9519018412494091
2024-09-10,0.05995799579957996,0.5534654467892671
2024-09-11,0.07609960996099609,0.4517380168303997
2024-09-12,0.09134113411341134,0.36609150675338054
2024-09-13,0.12957695769576957,0.1988261566729956
2024-09-16,0.10213021302130212,0.31196444560295283
2024-09-17,0.15354335433543354,0.127212027986644
2024-09-18,0.17261326132613258,0.08591582214685256
2024-09-19,0.1416981698169817,0.1596429884891809
2024-09-20,0.16585658565856587,0.09911550128819993
2024-09-23,0.18649864986498646,0.06318681070139892
2024-09-24,0.18826282628262825,0.060687028515337
2024-09-25,0.10568256825682568,0.29534286524675246
2024-09-26,0.09012901290129012,0.37251331238616414
2024-09-27,0.26969096909690965,0.006658161480829764
2024-09-30,0.3521632163216321,0.00032666493490716595
2024-10-01,0.2623942394239424,0.008356039505004879
2024-10-02,0.12364836483648363,0.22033132031992417
2024-10-03,0.04726072607260725,0.6405524874420707
2024-10-04,0.04892889288928893,0.6287925329749429
2024-10-07,0.09566156615661565,0.3437599963070538
2024-10-08,0.09316531653165316,0.35655610976527974
2024-10-09,0.07536753675367537,0.45611415023322943
2024-10-10,0.1431023102310231,0.15550489764634248
2024-10-11,0.1173117311731173,0.24507832043282252
2024-10-14,0.08920492049204919,0.3774550135832504
2024-10-15,0.09130513051305131,0.3662812678352979
2024-10-16,0.07659165916591656,0.448809868096096
2024-10-17,0.08867686768676866,0.3802966190193693
2024-10-18,0.0873207320732073,0.38765345616624636
2024-10-21,0.10953495349534952,0.2779897189992459
2024-10-22,0.12238823882388239,0.22510632635125347
2024-10-23,0.12534053405340534,0.2140323437572808
2024-10-24,0.16096009600960093,0.10963975672420917
2024-10-25,0.14719471947194718,0.14390179997497174
2024-10-28,0.18820282028202817,0.060770709244137515
2024-10-29,0.10988298829882988,0.2764563719862489
2024-10-30,0.14960696069606957,0.13737566061432074
2024-10-31,0.2721392139213921,0.0061612082933606505
2024-11-01,0.37876987698769876,0.00010195025152760487
2024-11-04,0.3943714371437143,4.9081427519121965e-05
2024-11-05,0.3336453645364536,0.0006931936758732567
2024-11-06,0.18304230423042303,0.06832713088400964
2024-11-07,0.16321632163216318,0.10468711701063876
2024-11-08,0.12555655565556553,0.21323751977384314
2024-11-11,0.1403420342034203,0.16371691810105568
2024-11-12,0.2045484548454845,0.04121052776139756
2024-11-13,0.24336033603360335,0.014695133086555283
2024-11-14,0.2831203120312031,0.004313824747103314
2024-11-15,0.10773477347734772,0.28601171216083726
2024-11-18,0.09873387338733872,0.3284127574922251
2024-11-19,0.1417101710171017,0.15960727615712902
2024-11-20,0.16694869486948694,0.09688014660830435
2024-11-21,0.17729372937293728,0.07762172992586676
2024-11-22,0.18405040504050404,0.06679406800459456
2024-11-25,0.23329132913291326,0.019495792708685854
2024-11-26,0.16966096609660966,0.0915001983623193
2024-11-27,0.21807380738073803,0.029285237124998316
2024-11-29,0.18255025502550254,0.06908568822384387
2024-12-02,0.2846684668466846,0.004097752736387538
2024-12-03,0.2395079507950795,0.016394635211705193
2024-12-04,0.2528172817281728,0.011156559709989184
2024-12-05,0.06685868586858686,0.5086628772625152
2024-12-06,-0.010021002100210018,0.9211759015921323
2024-12-09,0.08987698769876985,0.3738571183167583
2024-12-10,-0.012049204920492046,0.9052900361339806
2024-12-11,-0.14119411941194118,0.16114828510973045
2024-12-12,0.08375637563756373,0.407392715422204
2024-12-13,-0.0026162616261626156,0.9793899599832927
2024-12-16,-0.11150315031503148,0.2693931980485861
2024-12-17,-0.01759375937593759,0.8620705437689895
2024-12-18,0.17370537053705368,0.08392010373028504
2024-12-19,0.08577257725772576,0.39615555945201786
2024-12-20,0.11092709270927091,0.27189044579567284
2024-12-23,0.0055325532553255315,0.9564329480935434
2024-12-24,0.05238523852385237,0.6047221059272259
2024-12-26,0.0837203720372037,0.4075950642746434
2024-12-27,0.11452745274527451,0.2565372965954268
2024-12-30,0.16834083408340836,0.09408845438131187
2024-12-31,0.20380438043804378,0.041969799007460194
2025-01-02,0.26850285028502846,0.006911874012107327
2025-01-03,0.2463366336633663,0.013488898405546667
2025-01-06,0.21592559255925592,0.030956592414242867
2025-01-07,0.24697269726972695,0.013242588132435326
2025-01-08,0.24477647764776478,0.014110000027643671
2025-01-10,0.21710171017101706,0.030031831849849682
2025-01-13,0.21081308130813078,0.03526098386647473
2025-01-14,0.17238523852385237,0.08633723737232733
2025-01-15,0.08012001200120013,0.4281262794666614
2025-01-16,0.12648064806480647,0.20986112193315376
2025-01-17,0.05122112211221121,0.6127837315139202
2025-01-21,-0.07440744074407439,0.4618887531186485
2025-01-22,-0.14478247824782475,0.15065931656961482
2025-01-23,-0.1943354335433543,0.052692173756054075
2025-01-24,-0.22829882988298825,0.022339559482850997
2025-01-27,-0.04958895889588959,0.6241645835245089
2025-01-28,-0.18400240024002398,0.06686643317337342
2025-01-29,-0.1082148214821482,0.28385761021507455
2025-01-30,-0.17395739573957392,0.0834648420424436
2025-01-31,-0.2723432343234323,0.006121319467452838
2025-02-03,-0.2915451545154515,0.003250331987985877
2025-02-04,-0.4649864986498649,1.0938421366724607e-06
2025-02-05,-0.5126072607260725,4.973326990320678e-08
2025-02-06,-0.5027302730273027,9.818412796452932e-08
2025-02-07,-0.5284008400840083,1.6009619725985722e-08
2025-02-10,-0.4862646264626462,2.9122805619093905e-07
2025-02-11,-0.43431143114311427,6.341727610627567e-06
2025-02-12,-0.4233063306330632,1.14408074519106e-05
2025-02-13,-0.41477347734773473,1.7826617226575702e-05
2025-02-14,-0.4978457845784578,1.3636740936470888e-07
2025-02-18,-0.4008880888088809,3.5770798814722836e-05
2025-02-19,-0.4192139213921392,1.4173815057708676e-05
2025-02-20,-0.33242124212421237,0.0007273655353365127
2025-02-21,-0.3005340534053405,0.0023806155381446677
2025-02-24,-0.19758775877587753,0.04878011740582701
2025-02-25,-0.1635043504350435,0.10406766008661025
2025-02-26,-0.19654365436543653,0.050008966338499564
2025-02-27,-0.19939993999399938,0.04670657978528999
2025-02-28,-0.2159015901590159,0.030975712884363394
2025-03-03,-0.18237023702370236,0.06936490523499028
2025-03-04,-0.073003300330033,0.4704059977098868
2025-03-05,-0.006516651665166516,0.9486932247656485
2025-03-06,0.12486048604860484,0.21580614669729617
2025-03-07,0.17407740774077407,0.08324874407264987
2025-03-10,0.2775517551755175,0.005177552449351432
2025-03-11,0.21641764176417638,0.03056681550278713
2025-03-12,0.3029102910291029,0.002188898591362488
2025-03-13,0.29917791779177916,0.0024966917252147295
2025-03-14,0.31269126912691264,0.0015379641395849679
2025-03-17,0.35111911191119105,0.00034124314297443137
2025-03-18,0.36074407440744066,0.0002268715707396265
2025-03-19,0.3206480648064806,0.0011439586859448886
2025-03-20,0.31789978997899787,0.0012682383701544198
2025-03-21,0.30725472547254723,0.0018740446059641801
2025-03-24,0.29308130813081307,0.003084013565545583
2025-03-25,0.31258325832583256,0.0015440705621396088
2025-03-26,0.3292529252925292,0.0008230860181678719
2025-03-27,0.3839303930393038,8.037841131429871e-05
2025-03-28,0.36128412841284124,0.0002216490858448924
2025-03-31,0.32111822947000584,0.0010596284531068695
2025-04-01,0.3477810133954572,0.0003658475214756269
2025-04-02,0.3604659289458357,0.0002132002684236048
2025-04-03,0.0661968549796156,0.5107236478755821
2025-04-04,0.09150844496214326,0.36276302541555006
2025-04-07,0.11370995923121724,0.2575405685144168
2025-04-08,-0.03212580081537566,0.7497842164116111
2025-04-09,0.2584973791496797,0.009052889839725643
2025-04-10,-0.12020966802562609,0.23114976933312956
2025-04-11,-0.12349446709376818,0.21855799416019528
2025-04-14,-0.1133954571927781,0.2588677299014851
2025-04-15,-0.08079207920792078,0.4218834777753102
2025-04-16,-0.0869656377402446,0.3871733202136953
2025-04-17,-0.05633080955154338,0.5758099092260445
2025-04-21,-0.039417588817705296,0.6955288367594725
2025-04-22,0.00025626092020966803,0.9979707157043081
2025-04-23,0.08875946418171228,0.37741884058013053
2025-04-24,0.20722189866045426,0.03759360151970937
2025-04-25,0.18839836924868958,0.05919456919737276
2025-04-28,0.17200931857891671,0.08543250639355121
2025-04-29,0.14709376820034942,0.14213933669093087
2025-04-30,0.10999417588817705,0.2735189848872611
2025-05-01,0.18073383808969132,0.07050237462769314
2025-05-02,0.19888177052999417,0.04617139282560422
2025-05-05,0.14732673267326732,0.14150184752293551
2025-05-06,0.09209085614443796,0.3597036383821256
2025-05-07,0.07100757134536982,0.48042069942016874
2025-05-08,0.04412347117064648,0.6612925437483455
2025-05-09,-0.09580663948747814,0.340562401358246
2025-05-12,0.15416423995340708,0.12373985287077297
2025-05-13,0.011135701805474666,0.9119947482119657
2025-05-14,-0.07117064647641234,0.4794106744598169
2025-05-15,-0.11072801397786836,0.2703116481956582
2025-05-16,-0.04907396622015142,0.626015838942339
2025-05-19,-0.031589982527664526,0.7538233622810079
2025-05-20,0.00436808386721025,0.9654205569076102
2025-05-21,0.023296447291788,0.8171256112387246
2025-05-22,0.015294117647058824,0.8793449610891368
2025-05-23,-0.08449621432731509,0.4008465427904344
2025-05-27,-0.05026208503203261,0.6176695489874267
2025-05-28,-0.09446709376820034,0.3473874512227769
2025-05-29,-0.007582993593476994,0.940007345184381
2025-05-30,-0.2688293535235876,0.006561743959145374
2025-06-02,-0.343960396039604,0.00042857929734007216
2025-06-03,-0.25983692486895743,0.008688879588266984
2025-06-04,-0.14893418753640067,0.13716199529213885
2025-06-05,-0.25697146185206754,0.009483821294108248
2025-06-06,-0.17649388468258592,0.07747118787616644
2025-06-09,-0.12357600465928945,0.21825173090246847
2025-06-10,-0.014105998835177633,0.8886553179253447
2025-06-11,0.059009900990099014,0.5577602341913349
2025-06-12,0.1093185789167152,0.27649433332699547
2025-06-13,0.14820034944670935,0.1391305207463652
2025-06-16,0.10338963308095514,0.30353611237503475
2025-06-17,0.09880023296447292,0.3256180878973566
2025-06-18,0.0912172393709959,0.36429871689085813
2025-06-20,-0.022143273150844498,0.8260315179671549
2025-06-23,-0.07814793244030285,0.43728256669582355
2025-06-24,-0.07466511357018053,0.45804391346842976
2025-06-25,0.004973791496796739,0.9606291415654697
2025-06-26,-0.02440302853814793,0.8086013287929685
2025-06-27,0.019522422830518346,0.8463526557493077
2025-06-30,0.04571927781013395,0.6498350282554277
2025-07-01,0.24920209668025625,0.011968994634159647
2025-07-02,0.23968549796156083,0.01577293426581951
2025-07-03,0.24347117064647641,0.014149816139852625
2025-07-07,0.18715200931857892,0.06092526497041511
2025-07-08,0.2973907979033197,0.0025262230878394312
2025-07-09,0.25191613278974956,0.011042871846341245
2025-07-10,0.2897262667443215,0.0032951126483060813
2025-07-11,0.31702970297029703,0.001237025980667688
2025-07-14,0.20828188701223063,0.036605828214056266
2025-07-15,0.1329411764705882,0.18507064451940666
2025-07-16,0.08529994175888177,0.3963652619126258
2025-07-17,-0.023552708211997668,0.8151496317929975
2025-07-18,-0.000442632498543972,0.9964948799611442
2025-07-21,-0.14079207920792078,0.16021869770754174
2025-07-22,0.030960978450786256,0.7585734382080989
2025-07-23,-0.03422248107163658,0.7340446465765812
2025-07-24,-0.12065230052417004,0.22942403680633247
2025-07-25,-0.09369831100757134,0.35134286202586074
2025-07-28,0.010273733255678508,0.9187826774128505
2025-07-29,0.004449621432731509,0.9647754833033403
2025-07-30,-0.12626674432149096,0.2083149077629337
2025-07-31,-0.3206290040768782,0.0010795604225583445
2025-08-01,-0.2692836342457775,0.006467732882394701
2025-08-04,-0.30830518345952235,0.001708954471858603
2025-08-05,-0.1061852067559697,0.29057715164909104
2025-08-06,-0.19895165987186952,0.04609328290830625
2025-08-07,-0.13599301106581246,0.17509604282116198
2025-08-08,-0.11467676179382644,0.25348991764448614
2025-08-11,-0.0615492137449039,0.5409065720029116
2025-08-12,-0.08950495049504952,0.37340930704795694
2025-08-13,0.14455445544554457,0.14922947683053625
2025-08-14,0.18435643564356435,0.06495754234513479
2025-08-15,0.21935934769947582,0.027523531915841094
2025-08-18,0.2103669190448456,0.03472631091857261
2025-08-19,0.34677926616191024,0.00038142161818811946
2025-08-20,0.3137216074548631,0.0013998787522326267
2025-08-21,0.29311589982527664,0.0029323632669110027
2025-08-22,0.3467909143855562,0.0003812370705304778
2025-08-25,0.29127548048922536,0.0031246021417219733
2025-08-26,0.2779965055329062,0.004881318654094197
2025-08-27,0.2852882935352359,0.0038307138473789642
2025-08-28,0.2668025626092021,0.006996082247096415
2025-08-29,0.2538613861386138,0.010418247939970975
2025-09-02,0.07096097845078625,0.4807094875874721
2025-09-03,0.04489225393127548,0.6557629009397571
2025-09-04,-0.08326150262085032,0.4077889122853644
2025-09-05,0.0832498543972044,0.40785474049032056
2025-09-08,0.02818870122306348,0.7796138262645846
2025-09-09,0.03715783343040186,0.7121941826329012
2025-09-10,-0.07168316831683168,0.4762437526818196
2025-09-11,-0.04257425742574258,0.672490817878302
2025-09-12,0.01467676179382644,0.8841807275173008
2025-09-15,-0.10053581828771112,0.31714924923735205
2025-09-16,0.00198019801980198,0.9843201441506944
2025-09-17,-0.04842166569598136,0.630618349927117
2025-09-18,-0.10704717530576587,0.2866565316992775
2025-09-19,-0.15460687245195107,0.12265196620440252
2025-09-22,-0.2159464181712289,0.03009175726784931
2025-09-23,-0.2276295864880606,0.02206102665292583
2025-09-24,-0.11146185206755968,0.2671298031722361
2025-09-25,-0.09990681421083283,0.3202019099481895
2025-09-26,-0.045020384391380314,0.6548430872304899
2025-09-29,0.006080372743156668,0.9518793305606317
2025-09-30,0.12642981945253348,0.20772323170779403
2025-10-01,0.206814210832848,0.037979415000555954
2025-10-02,0.24206173558532323,0.014736310308188687
2025-10-03,0.3272917880023296,0.0008353384482650235
2025-10-06,0.2591496796738497,0.00887399103735554
2025-10-07,0.2242283051834595,0.02418343344804156
2025-10-08,0.148677926616191,0.13784699863676184
2025-10-09,0.1168782760629004,0.2444297921294278
2025-10-10,0.20082702387885845,0.04403790714412011
2025-10-13,0.0724286546301689,0.4716575467225119
2025-10-14,0.0920209668025626,0.360069919834315
2025-10-15,-0.10050087361677344,0.3173183468065537
2025-10-16,-0.036482236458940005,0.717203433567621
2025-10-17,-0.013185789167152007,0.8958767567698114
2025-10-20,-0.07186953989516598,0.4750949501853722
2025-10-21,0.08732673267326732,0.3851976812302782
2025-10-22,0.01974373907979033,0.8446325560508825
2025-10-23,-0.10714036109493302,0.2862347980236402
2025-10-24,-0.00425160163075131,0.9663421291856604
2025-10-27,-0.06693069306930692,0.5060384550612063
2025-10-28,-0.06017472335468841,0.5499980291188054
2025-10-29,-0.11262667443214909,0.26213152226786257
2025-10-30,-0.12488060570762959,0.21339277390790784
2025-10-31,-0.05633080955154338,0.5758099092260445
2025-11-03,-0.19715783343040183,0.048133120100148676
2025-11-04,-0.047967384973791494,0.6338320411616538
2025-11-05,-0.09621432731508446,0.3385021194642944
2025-11-06,-0.026977285963890506,0.7888591074526583
2025-11-07,0.06478741991846243,0.5197844075626699
2025-11-10,-0.08362259755387304,0.40575133231130056
2025-11-11,0.0013278974956319161,0.9894849063302065
2025-11-12,-0.09172976121141525,0.36159857349732316
2025-11-13,0.0026907396622015143,0.9786949860169383
2025-11-14,-0.021094933022714032,0.8341470007980549
2025-11-17,-0.20217821782178214,0.042604721986729495
2025-11-18,-0.07277810133954572,0.469516045536275
2025-11-19,-0.027047175305765867,0.7883249156000776
2025-11-20,0.059126383226557944,0.5569816574876731
2025-11-21,0.1662201514269074,0.09665781117074752
2025-11-24,0.020582411182294702,0.8381209671598799
2025-11-25,0.03497961560861968,0.7283874615437087
2025-11-26,-0.003599301106581246,0.9715037177766198
2025-11-28,-0.04157251019219568,0.6797702757351627
